Data_Abertura;Tipo;Motivo;Detalhe_Motivo;Status;Agrupamento;Nome;Porte;Grupo_Economico;UF
18/02/2023;Reclamação;Atendimento;Atendimento inadequado;Respondida;SCM;TELEFONICA BRASIL S.A.;Grande;Vivo;RS
29/07/2023;Reclamação;Falha;Falha/Interrupção do serviço;Não Respondida;SCM;NET SERVIÇOS DE COMUNICAÇÃO S.A.;Grande;Claro;MA
14/06/2023;Reclamação;Falha;Falha/Interrupção do serviço;Respondida;SCM;Net Serviços De Comunicação S.A.;Grande;Claro;RJ
23/09/2022;Reclamação;Velocidade;NÃO INFORMADO;Não Respondida;SCM;CLARO S.A.;Grande;Claro;PA
24/01/2023;Reclamação;Velocidade;Velocidade abaixo do contratado;Respondida;SCM;TELEFONICA BRASIL S.A.;Grande;Vivo;RJ
26/06/2023;Reclamação;Velocidade;Velocidade abaixo do contratado;Em Andamento;SCM;TELEFONICA BRASIL S.A.;Grande;Vivo;SP
13/12/2022;Reclamação;Atendimento;Atendimento inadequado;Respondida;SCM;TIM CELULAR;Grande;TIM Group;SP
22/01/2023;Reclamação;Contrato;Cancelamento não realizado;Respondida;SCM;CLARO S.A.;Grande;Claro;SP
09/06/2023;Reclamação;Atendimento;Atendimento inadequado;Respondida;SCM;CLARO S.A.;Grande;Claro;PB
26/02/2022;Reclamação;Velocidade;Velocidade abaixo do contratado;Em Andamento;SCM;TIM CELULAR;Grande;TIM Group;AM
01/06/2023;Reclamação;Velocidade;Velocidade abaixo do contratado;Em Andamento;SCM;OI S.A.;Grande;Oi;BA
06/02/2023;Reclamação;Falha;Falha/Interrupção do serviço;Em Andamento;SCM;CLARO S.A.;Grande;Claro;PB
07/05/2022;Reclamação;Cobrança;Cobrança indevida;Respondida;SCM;TIM CELULAR;Grande;TIM Group;PR
10/01/2022;Reclamação;Velocidade;Velocidade abaixo do contratado;Não Respondida;SCM;EMBRATEL S.A.;Grande;Claro;RN
09/10/2023;Reclamação;Cobrança;Cobrança indevida;Respondida;SCM;EMBRATEL S.A.;Grande;Claro;RJ
17/09/2022;Reclamação;Velocidade;Velocidade abaixo do contratado;Não Respondida;SCM;NET SERVIÇOS DE COMUNICAÇÃO S.A.;Grande;Claro;MS
09/02/2023;Reclamação;Falha;Falha/Interrupção do serviço;Não Respondida;SCM;CLARO S/A;Grande;Claro;SP
19/01/2023;Reclamação;Velocidade;Velocidade abaixo do contratado;Respondida;SCM;CLARO S.A.;Grande;Claro;MA
26/07/2023;Reclamação;Instalação;Prazo de instalação excedido;Respondida;SCM;EMBRATEL S.A.;Grande;Claro;MS
14/07/2022;Reclamação;Cobrança;Cobrança indevida;Respondida;SCM;TIM CELULAR;Grande;TIM Group;MG
19/03/2023;Reclamação;Velocidade;Velocidade abaixo do contratado;Não Respondida;SCM;EMBRATEL S.A.;Grande;Claro;RJ
05/02/2023;Reclamação;-;Velocidade abaixo do contratado;Não Respondida;SCM;CLARO S.A.;Grande;Claro;SP
27/04/2023;Reclamação;Cobrança;Cobrança indevida;Respondida;SCM;CLARO S.A.;Grande;Claro;PA
22/05/2022;Reclamação;Cobrança;Cobrança indevida;Não Respondida;SCM;CLARO S.A.;Grande;Claro;RJ
30/05/2023;Reclamação;Cobrança; ;Respondida;SCM;TIM CELULAR;Grande;TIM Group;BA
16/01/2023;Reclamação;Velocidade;Velocidade abaixo do contratado;Não Respondida;SCM;TELEFONICA BRASIL S.A.;Grande;Vivo;MG
23/02/2023;Reclamação;Velocidade;NÃO INFORMADO;Respondida;SCM;TELEFONICA BRASIL S.A.;Grande;Vivo;BA
25/12/2022;Reclamação;Cobrança;Cobrança indevida;Respondida;SCM;TIM CELULAR;Grande;TIM Group;PB
03/12/2023;Reclamação;Velocidade;Velocidade abaixo do contratado;Respondida;SCM;TIM CELULAR;Grande;TIM Group;CE
28/10/2023;Reclamação;Atendimento;Atendimento inadequado;Não Respondida;SCM;CLARO S.A.;N/A;Claro;RJ
06/04/2022;Reclamação;Cobrança;Cobrança indevida;Em Andamento;SCM;CLARO S.A.;Grande;Claro;SP
04/02/2022;Reclamação;Contrato;Cancelamento não realizado;Respondida;SCM;TELEFONICA BRASIL S.A.;Grande;Vivo;SP
13/01/2022;Reclamação;Velocidade;Velocidade abaixo do contratado;Respondida;SCM;OI S.A.;Grande;Oi;SP
25/07/2023;Reclamação;Falha;Falha/Interrupção do serviço;Respondida;SCM;EMBRATEL S.A.;Grande;Claro;SP
12/01/2022;Reclamação;Velocidade;Velocidade abaixo do contratado;Respondida;SCM;Telefonica Brasil S.A.;Grande;Vivo;BA
16/07/2022;Reclamação;Atendimento;Atendimento inadequado;Em Andamento;SCM;TELEFONICA BRASIL S.A.;Grande;Vivo;DF
02/05/2022;Reclamação;Cobrança;Cobrança indevida;Não Respondida;SCM;NET SERVIÇOS DE COMUNICAÇÃO S.A.;Grande;Claro;MG
09/08/2023;Reclamação;Velocidade;Velocidade abaixo do contratado;Respondida;SCM;SERCOMTEL S.A.;Pequeno;-;PA
12/04/2022;Reclamação;Cobrança;Cobrança indevida;Respondida;SCM;CLARO S.A.;Grande;Claro;RJ
29/10/2022;Reclamação;Velocidade;Velocidade abaixo do contratado;Em Andamento;SCM;SERCOMTEL S.A.;Pequeno;Sercomtel;MA
15/03/2022;Reclamação;Atendimento;Atendimento inadequado;Respondida;SCM;OI S.A.;Grande;Oi;RN
17/08/2022;Reclamação;Cobrança;Cobrança indevida;Não Respondida;SCM;CLARO S.A.;Grande;Claro;RS
05/05/2023;Reclamação;Atendimento;Atendimento inadequado;Não Respondida;SCM;TELEFONICA BRASIL S.A.;Grande;Vivo;BA
05/06/2022;Reclamação;Cobrança;Cobrança indevida;Respondida;SCM;TELEFONICA BRASIL S.A.;Grande;Vivo;SP
17/11/2022;Reclamação;Falha;Falha/Interrupção do serviço;Em Andamento;SCM;Tim Celular;Grande;TIM Group;PE
04/08/2023;Reclamação;Velocidade;Velocidade abaixo do contratado;Respondida;SCM;OI S.A.;Grande;Oi;SP
02/08/2022;Reclamação;Velocidade;Velocidade abaixo do contratado;Não Respondida;SCM;CLARO S.A.;Grande;Claro;RR
11/02/2023;Reclamação;Falha;Falha/Interrupção do serviço;Em Andamento;SCM;TELEFONICA BRASIL S.A.;Grande;Vivo;PR
28/05/2023;Reclamação;Falha;Falha/Interrupção do serviço;Em Andamento;SCM;CLARO S.A.;Grande;Claro;PA
23/08/2023;Reclamação;Cobrança;Cobrança indevida;Respondida;SCM;OI S.A.;Grande;Oi;MG
03/09/2023;Reclamação;Cobrança;N/A;Respondida;SCM;CLARO S.A.;Grande;Claro;AM
02/02/2023;Reclamação;Velocidade;Velocidade abaixo do contratado;Respondida;SCM;TIM CELULAR;Grande;TIM Group;MG
29/12/2023;Reclamação;Falha;Falha/Interrupção do serviço;Respondida;SCM;CLARO S.A.;Grande;Claro;ES
27/03/2022;Reclamação;Falha;Falha/Interrupção do serviço;Respondida;SCM;EMBRATEL S.A.;Grande;Claro;SP
12/09/2023;Reclamação;Velocidade;Velocidade abaixo do contratado;Respondida;SCM;CLARO S.A.;Grande;Claro;AC
16/01/2023;Reclamação;Velocidade;Velocidade abaixo do contratado;Respondida;SCM;TELEFONICA BRASIL S.A.;Grande;Vivo;BA
20/06/2022;Reclamação;Velocidade;Velocidade abaixo do contratado;Em Andamento;SCM;OI S.A.;Grande;Oi;MG
28/02/2022;Reclamação;Cobrança;Cobrança indevida;Não Respondida;SCM;OI S.A.;Grande;Oi;BA
02/01/2023;Reclamação;Cobrança;Cobrança indevida;Respondida;SCM;CLARO S.A.;Grande;Claro;PR
17/03/2023;Reclamação;Atendimento;Atendimento inadequado;Não Respondida;SCM;CLARO S.A.;Grande;Claro;PB
21/08/2023;Reclamação;NÃO INFORMADO;Cobrança indevida;Não Respondida;SCM;TELEFONICA BRASIL S.A.;Grande;Vivo;SP
09/07/2023;Reclamação;Atendimento;Atendimento inadequado;Respondida;SCM;CLARO S/A;Grande;Claro;MG
13/10/2022;Reclamação;Cobrança;Cobrança indevida;Em Andamento;SCM;OI S.A.;Grande;Oi;RJ
15/08/2023;Reclamação;Instalação;Prazo de instalação excedido;Em Andamento;SCM;CLARO S.A.;Grande;Claro;AM
14/05/2023;Reclamação;Cobrança;-;Respondida;SCM;TIM CELULAR;Grande;TIM Group;PE
05/07/2022;Reclamação;Velocidade;Velocidade abaixo do contratado;Respondida;SCM;TELEFONICA BRASIL S.A.;Grande;Vivo;PA
21/02/2022;Reclamação;Velocidade;Velocidade abaixo do contratado;Respondida;SCM;Claro S.A.;Grande;Claro;SP
08/07/2023;Reclamação;Atendimento;Atendimento inadequado;Respondida;SCM;CLARO S.A.;Grande;Claro;RJ
02/03/2023;Reclamação;Velocidade;Velocidade abaixo do contratado;Respondida;SCM;CLARO S.A.;Grande;Claro;SP
09/04/2022;Reclamação;Velocidade;Velocidade abaixo do contratado;Não Respondida;SCM;TELEFONICA BRASIL S.A.;N/A;Vivo;SC
27/02/2023;Reclamação;Atendimento;-;Em Andamento;SCM;CLARO S/A;Grande;Claro;SP
20/08/2022;Reclamação;Contrato;Cancelamento não realizado;Respondida;SCM;EMBRATEL S.A.;Grande;Claro;RS
17/04/2023;Reclamação;Velocidade;Velocidade abaixo do contratado;Respondida;SCM;TELEFONICA BRASIL S.A.;Grande;Vivo;SP
21/03/2022;Reclamação;Velocidade;Velocidade abaixo do contratado;Respondida;SCM;OI S.A.;Grande;Oi;SP
07/01/2022;Reclamação;Falha;Falha/Interrupção do serviço;Não Respondida;SCM;TIM CELULAR;Grande;TIM Group;PR
04/06/2022;Reclamação;Falha;Falha/Interrupção do serviço;Respondida;SCM;NET SERVIÇOS DE COMUNICAÇÃO S.A.;Grande;Claro;RS
29/09/2022;Reclamação;Instalação;Prazo de instalação excedido;Respondida;SCM;OI S.A.;Grande;Oi;BA
31/12/2023;Reclamação;Cobrança;Cobrança indevida;Não Respondida;SCM;TELEFONICA BRASIL S.A.;Grande;Vivo;SP
17/10/2022;Reclamação;Cobrança;Cobrança indevida;Respondida;SCM;Oi S.A.;Grande; ;MA
27/05/2022;Reclamação;Velocidade;Velocidade abaixo do contratado;Respondida;SCM;OI S.A.;Grande;Oi;PE
05/10/2022;Reclamação;Velocidade;Velocidade abaixo do contratado;Respondida;SCM;EMBRATEL S.A.;Grande;Claro;CE
29/07/2023;Reclamação;Falha;Falha/Interrupção do serviço;Não Respondida;SCM;CLARO S.A.;Grande;Claro;MG
09/02/2022;Reclamação;Velocidade;Velocidade abaixo do contratado;Em Andamento;SCM;OI S.A.;N/A;Oi;RJ
28/06/2022;Reclamação;Cobrança;Cobrança indevida;Não Respondida;SCM;TELEFONICA BRASIL S.A.;Grande;Vivo;GO
10/08/2022;Reclamação; ;Cobrança indevida;Respondida;SCM;TELEFONICA BRASIL S.A.;Grande;Vivo;PR
28/02/2022;Reclamação;Cobrança;Cobrança indevida;Respondida;SCM;OI S.A.;Grande;Oi;RO
20/05/2023;Reclamação;Velocidade;Velocidade abaixo do contratado;Em Andamento;SCM;TELEFONICA BRASIL S.A.;Grande;Vivo;MG
04/05/2022;Reclamação;Velocidade;Velocidade abaixo do contratado;Em Andamento;SCM;OI S.A.;Grande;Oi;RJ
04/05/2022;Reclamação;Falha;Falha/Interrupção do serviço;Em Andamento;SCM;OI S.A.;Grande;Oi;BA
03/08/2023;Reclamação;Velocidade;Velocidade abaixo do contratado;Respondida;SCM;TELEFONICA BRASIL S.A.;Grande;Vivo;PA
20/04/2023;Reclamação;Outros;Outros;Respondida;SCM;CLARO S.A.;Grande;Claro;PR
03/12/2023;Reclamação;Falha;Falha/Interrupção do serviço;Não Respondida;SCM;NET SERVIÇOS DE COMUNICAÇÃO S.A.;Grande;Claro;MG
01/10/2023;Reclamação;Velocidade;Velocidade abaixo do contratado;Respondida;SCM;CLARO S.A.;Grande;Claro;SP
23/12/2022;Reclamação;Cobrança;Cobrança indevida;Não Respondida;SCM;Claro S.A.;Grande;Claro;MS
14/01/2023;Reclamação;Velocidade;Velocidade abaixo do contratado;Respondida;SCM;TELEFONICA BRASIL S.A.;Grande;Vivo;BA
07/05/2023;Reclamação;Velocidade;Velocidade abaixo do contratado;Respondida;SCM;TIM CELULAR;Grande;TIM Group;BA
04/10/2023;Reclamação;Atendimento;Atendimento inadequado;Respondida;SCM;TIM CELULAR;Grande; ;AL
10/02/2023;Reclamação;Outros;Outros;Respondida;SCM;OI S.A.;Grande;Oi;SP
31/12/2023;Reclamação;Cobrança;Cobrança indevida;Não Respondida;SCM;OI S.A.;Grande;Oi;PI
18/03/2022;Reclamação;Instalação;Prazo de instalação excedido;Não Respondida;SCM;TELEFONICA BRASIL S.A.;Grande;Vivo;RS
11/10/2023;Reclamação;Velocidade;Velocidade abaixo do contratado;Respondida;SCM;TELEFONICA BRASIL S.A.;Grande;Vivo;SP
10/09/2023;Reclamação;Cobrança;Cobrança indevida;Não Respondida;SCM;OI S.A.;Grande;Oi;MS
16/06/2022;Reclamação;Velocidade;Velocidade abaixo do contratado;Não Respondida;SCM;TELEFONICA BRASIL S.A.;Grande;Vivo;SP
22/08/2023;Reclamação;Velocidade;Velocidade abaixo do contratado;Respondida;SCM;TIM CELULAR;Grande;TIM Group;RJ
17/09/2022;Reclamação;Instalação;Prazo de instalação excedido;Respondida;SCM;TIM CELULAR;Grande;TIM Group;SP
25/05/2022;Reclamação;Falha;Falha/Interrupção do serviço;Respondida;SCM;EMBRATEL S.A.;Grande;Claro;RJ
07/07/2023;Reclamação;Cobrança;Cobrança indevida;Respondida;SCM;CLARO S.A.;Grande;Claro;RJ
03/10/2023;Reclamação;Cobrança;Cobrança indevida;Não Respondida;SCM;CLARO S.A.;Grande;Claro;RJ
14/02/2023;Reclamação;Falha;Falha/Interrupção do serviço;Não Respondida;SCM;CLARO S.A.;Grande;Claro;MA
30/01/2022;Reclamação;Contrato;Cancelamento não realizado;Respondida;SCM;CLARO S.A.;Grande;Claro;SP
02/08/2023;Reclamação;Atendimento;Atendimento inadequado;Respondida;SCM;CLARO S.A.;Grande;Claro;BA
17/04/2022;Reclamação;Velocidade;Velocidade abaixo do contratado;Não Respondida;SCM;Sercomtel S.A.;Pequeno;Sercomtel;PA
14/10/2023;Reclamação;Atendimento;Atendimento inadequado;Respondida;SCM;TIM CELULAR;Grande;TIM Group;DF
23/10/2023;Reclamação;Cobrança;Cobrança indevida;Em Andamento;SCM;NET SERVIÇOS DE COMUNICAÇÃO S.A.;Grande;Claro;AM
15/07/2023;Reclamação;Velocidade;Velocidade abaixo do contratado;Respondida;SCM;EMBRATEL S.A.;Grande;Claro;SP
19/08/2022;Reclamação;Instalação;Prazo de instalação excedido;Respondida;SCM;EMBRATEL S.A.;Grande;Claro;PR
12/10/2023;Reclamação;Velocidade;NÃO INFORMADO;Respondida;SCM;EMBRATEL S.A.;Grande;Claro;SP
04/05/2022;Reclamação;Velocidade;Velocidade abaixo do contratado;Respondida;SCM;TELEFONICA BRASIL S.A.;Grande;Vivo;BA
09/02/2023;Reclamação;Atendimento;Atendimento inadequado;Respondida;SCM;TELEFONICA BRASIL S.A.;Grande;Vivo;MG
02/04/2023;Reclamação;Velocidade;Velocidade abaixo do contratado;Respondida;SCM;TELEFONICA BRASIL S.A.;Grande;Vivo;MG
08/07/2022;Reclamação;Atendimento;Atendimento inadequado;Não Respondida;SCM;TIM CELULAR;Grande;TIM Group;RN
01/10/2023;Reclamação;Velocidade;Velocidade abaixo do contratado;Respondida;SCM;TELEFONICA BRASIL S.A.;Grande;Vivo;MS
08/02/2023;Reclamação;Velocidade;Velocidade abaixo do contratado;Não Respondida;SCM;CLARO S.A.;Grande;Claro;PA
12/03/2023;Reclamação;Contrato;Cancelamento não realizado;Não Respondida;SCM;OI S.A.;Grande;Oi;PB
22/03/2022;Reclamação;Velocidade;Velocidade abaixo do contratado;Em Andamento;SCM;TIM CELULAR;Grande;TIM Group;SP
07/01/2022;Reclamação;Atendimento;Atendimento inadequado;Respondida;SCM;TELEFONICA BRASIL S.A.;Grande;Vivo;BA
27/09/2023;Reclamação;Velocidade;Velocidade abaixo do contratado;Respondida;SCM;CLARO S.A.;Grande;Claro;RN
08/10/2023;Reclamação;Instalação;Prazo de instalação excedido;Em Andamento;SCM;CLARO S.A.;Grande;Claro;TO
07/03/2022;Reclamação;Falha;Falha/Interrupção do serviço;Não Respondida;SCM;OI S.A.;Grande;Oi;SP
08/04/2022;Reclamação;Velocidade;Velocidade abaixo do contratado;Respondida;SCM;TIM CELULAR;Grande;TIM Group;RJ
10/03/2022;Reclamação;Velocidade;Velocidade abaixo do contratado;Respondida;SCM;CLARO S.A.;Grande;Claro;SP
03/11/2022;Reclamação;Velocidade;Velocidade abaixo do contratado;Respondida;SCM;TIM CELULAR;Grande;TIM Group;PA
30/04/2022;Reclamação;Atendimento;Atendimento inadequado;Respondida;SCM;TIM CELULAR;Grande;TIM Group;PI
06/11/2023;Reclamação;Atendimento;Atendimento inadequado;Respondida;SCM;TIM CELULAR;Grande;TIM Group;MG
16/09/2022;Reclamação;Falha;Falha/Interrupção do serviço;Respondida;SCM;CLARO S.A.;Grande;Claro;PR
24/01/2022;Reclamação;Velocidade;Velocidade abaixo do contratado;Em Andamento;SCM;CLARO S/A;Grande;Claro;PA
20/04/2023;Reclamação;Cobrança;Cobrança indevida;Respondida;SCM;OI S.A.;Grande;Oi;PB
06/09/2022;Reclamação;Velocidade;Velocidade abaixo do contratado;Respondida;SCM;TELEFONICA BRASIL S.A.;Grande;Vivo;RS
08/08/2023;Reclamação;Falha;Falha/Interrupção do serviço;Não Respondida;SCM;CLARO S.A.;Grande;Claro;SC
10/01/2022;Reclamação;Cobrança;Cobrança indevida;Respondida;SCM;CLARO S.A.;Grande;Claro;AM
22/03/2022;Reclamação;Cobrança;Cobrança indevida;Respondida;SCM;CLARO S.A.;Grande;Claro;BA
23/08/2023;Reclamação;Atendimento;Atendimento inadequado;Respondida;SCM;TELEFONICA BRASIL S.A.;Grande;Vivo;PE
11/07/2022;Reclamação;Velocidade;Velocidade abaixo do contratado;Respondida;SCM;CLARO S.A.;Grande;Claro;PA
30/06/2023;Reclamação;Contrato;Cancelamento não realizado;Respondida;SCM;OI S.A.;Grande;Oi;SP
05/11/2023;Reclamação;Cobrança;Cobrança indevida;Em Andamento;SCM;EMBRATEL S.A.;Grande;Claro;MG
08/08/2022;Reclamação;Velocidade;Velocidade abaixo do contratado;Respondida;SCM;CLARO S.A.;Grande;Claro;MG
13/02/2023;Reclamação;Velocidade;Velocidade abaixo do contratado;Respondida;SCM;TELEFONICA BRASIL S.A.;Grande;Vivo;PA
01/01/2023;Reclamação;Velocidade;Velocidade abaixo do contratado;Não Respondida;SCM;TIM CELULAR;Grande;-;RN
26/04/2022;Reclamação;Velocidade;Velocidade abaixo do contratado;Em Andamento;SCM;OI S.A.;N/A;Oi;SC
30/05/2022;Reclamação;Falha;Falha/Interrupção do serviço;Respondida;SCM;Claro S.A.;Grande;Claro;RS
14/03/2023;Reclamação;Velocidade;Velocidade abaixo do contratado;Respondida;SCM;TELEFONICA BRASIL S.A.;Grande;Vivo;MS
12/02/2022;Reclamação;Atendimento;Atendimento inadequado;Respondida;SCM;EMBRATEL S.A.;Grande;Claro;SP
12/11/2023;Reclamação;Velocidade;Velocidade abaixo do contratado;Em Andamento;SCM;CLARO S.A.;Grande;Claro;CE
15/03/2023;Reclamação;Falha;Falha/Interrupção do serviço;Não Respondida;SCM;CLARO S.A.;Grande;Claro;AM
28/10/2023;Reclamação;Velocidade;Velocidade abaixo do contratado;Respondida;SCM;EMBRATEL S.A.;Grande;Claro;SP
27/10/2022;Reclamação;Contrato;Cancelamento não realizado;Não Respondida;SCM;TELEFONICA BRASIL S.A.;Grande;Vivo;DF
03/01/2023;Reclamação;Cobrança;Cobrança indevida;Respondida;SCM;TELEFONICA BRASIL S.A.;Grande;Vivo;SP
22/03/2023;Reclamação;Falha;Falha/Interrupção do serviço;Respondida;SCM;TELEFONICA BRASIL S.A.;Grande;Vivo;AM
11/06/2022;Reclamação;Cobrança;Cobrança indevida;Respondida;SCM;TELEFONICA BRASIL S.A.;Grande;Vivo;CE
18/04/2022;Reclamação;Cobrança;Cobrança indevida;Respondida;SCM;CLARO S.A.;Grande;Claro;PA
10/06/2023;Reclamação;Velocidade;Velocidade abaixo do contratado;Respondida;SCM;CLARO S.A.;Grande;Claro;SP
20/09/2023;Reclamação;Falha;Falha/Interrupção do serviço;Respondida;SCM;CLARO S.A.;Grande;Claro;RJ
20/06/2023;Reclamação;Falha;Falha/Interrupção do serviço;Em Andamento;SCM;OI S.A.;Grande;Oi;SP
20/09/2023;Reclamação;Cobrança;Cobrança indevida;Respondida;SCM;TELEFONICA BRASIL S.A.;Grande;Vivo;RS
12/01/2023;Reclamação;Falha;Falha/Interrupção do serviço;Respondida;SCM;Telefonica Brasil S.A.;Grande;Vivo;SP
28/05/2023;Reclamação;Falha;Falha/Interrupção do serviço;Respondida;SCM;TELEFONICA BRASIL S.A.;Grande;Vivo;BA
12/01/2023;Reclamação;Cobrança;Cobrança indevida;Respondida;SCM;CLARO S.A.;Grande;Claro;BA
01/10/2022;Reclamação;Cobrança;Cobrança indevida;Respondida;SCM;EMBRATEL S.A.;Grande;Claro;RO
30/03/2023;Reclamação;Falha;Falha/Interrupção do serviço;Em Andamento;SCM;TIM CELULAR;Grande;TIM Group;SC
06/01/2023;Reclamação; ;Falha/Interrupção do serviço;Respondida;SCM;OI S.A.;Grande;Oi;CE
04/08/2023;Reclamação;Velocidade;Velocidade abaixo do contratado;Respondida;SCM;NET SERVIÇOS DE COMUNICAÇÃO S.A.;Grande;Claro;MA
16/05/2023;Reclamação;Velocidade;Velocidade abaixo do contratado;Em Andamento;SCM;CLARO S.A.;Grande;Claro;PE
10/02/2023;Reclamação;Velocidade;Velocidade abaixo do contratado;Respondida;SCM;EMBRATEL S.A.;Grande;Claro;PB
19/06/2023;Reclamação;Falha;Falha/Interrupção do serviço;Respondida;SCM;OI S.A.;Grande;Oi;AL
02/07/2023;Reclamação;Atendimento;Atendimento inadequado;Respondida;SCM;TELEFONICA BRASIL S.A.;Grande;Vivo;CE
27/10/2022;Reclamação;Falha;Falha/Interrupção do serviço;Respondida;SCM;CLARO S.A.;Grande;Claro;SP
12/06/2023;Reclamação;Velocidade;Velocidade abaixo do contratado;Não Respondida;SCM;TELEFONICA BRASIL S.A.;Grande;Vivo;MS
09/12/2022;Reclamação;Falha;Falha/Interrupção do serviço;Respondida;SCM;OI S.A.;Grande;NÃO INFORMADO;MG
09/11/2022;Reclamação;Atendimento;Atendimento inadequado;Não Respondida;SCM;Claro S.A.;Grande;Claro;PA
09/05/2023;Reclamação;Velocidade;Velocidade abaixo do contratado;Respondida;SCM;CLARO S.A.;Grande;Claro;MG
25/11/2023;Reclamação;Cobrança;Cobrança indevida;Em Andamento;SCM;TELEFONICA BRASIL S.A.;Grande;Vivo;RJ
15/02/2023;Reclamação;Falha;Falha/Interrupção do serviço;Respondida;SCM;TELEFONICA BRASIL S.A.;Grande;Vivo;RN
29/04/2022;Reclamação;Contrato;Cancelamento não realizado;Respondida;SCM;CLARO S.A.;Grande;Claro;MA
04/07/2022;Reclamação;Velocidade;Velocidade abaixo do contratado;Não Respondida;SCM;CLARO S.A.;Grande;Claro;PE
17/09/2023;Reclamação;Instalação;Prazo de instalação excedido;Respondida;SCM;CLARO S.A.;Grande;Claro;SP
11/10/2022;Reclamação;Atendimento;Atendimento inadequado;Não Respondida;SCM;TIM CELULAR;Grande;N/A;BA
16/12/2023;Reclamação;Atendimento;Atendimento inadequado;Em Andamento;SCM;TIM CELULAR;Grande;TIM Group;RJ
02/04/2023;Reclamação;Velocidade;Velocidade abaixo do contratado;Respondida;SCM;OI S.A.;Grande;Oi;SP
11/11/2022;Reclamação;Atendimento;Atendimento inadequado;Em Andamento;SCM;Embratel S.A.;Grande;Claro;MG
24/02/2022;Reclamação;Cobrança;Cobrança indevida;Respondida;SCM;Telefonica Brasil S.A.;Grande;Vivo;BA
07/11/2023;Reclamação;Velocidade;Velocidade abaixo do contratado;Respondida;SCM;CLARO S.A.;Grande;Claro;CE
07/04/2022;Reclamação;Velocidade;Velocidade abaixo do contratado;Respondida;SCM;TELEFONICA BRASIL S.A.;Grande;Vivo;GO
11/04/2023;Reclamação;Cobrança;Cobrança indevida;Respondida;SCM;EMBRATEL S.A.;Grande;Claro;SC
25/11/2023;Reclamação;Cobrança;Cobrança indevida;Em Andamento;SCM;CLARO S.A.;Grande;Claro;SP
28/06/2023;Reclamação;Velocidade;Velocidade abaixo do contratado;Respondida;SCM;TELEFONICA BRASIL S.A.;Grande;Vivo;PR
19/08/2023;Reclamação;Velocidade;Velocidade abaixo do contratado;Não Respondida;SCM;OI S.A.;Grande;Oi;GO
02/12/2022;Reclamação;Atendimento;Atendimento inadequado;Respondida;SCM;TIM CELULAR;Grande;TIM Group;MG
23/05/2022;Reclamação; ;Cancelamento não realizado;Em Andamento;SCM;CLARO S.A.;Grande;Claro;RN
22/03/2022;Reclamação;Cobrança;Cobrança indevida;Não Respondida;SCM;NET SERVIÇOS DE COMUNICAÇÃO S.A.;Grande;Claro;CE
17/09/2023;Reclamação;Cobrança;Cobrança indevida;Respondida;SCM;TELEFONICA BRASIL S.A.;Grande;Vivo;SP
29/05/2023;Reclamação;Velocidade;Velocidade abaixo do contratado;Em Andamento;SCM;NET SERVIÇOS DE COMUNICAÇÃO S.A.;Grande;Claro;PE
08/05/2022;Reclamação;Velocidade;Velocidade abaixo do contratado;Respondida;SCM;CLARO S.A.;Grande;Claro;PE
17/04/2023;Reclamação;Cobrança;Cobrança indevida;Não Respondida;SCM;CLARO S.A.;Grande;Claro;BA
13/04/2022;Reclamação;Contrato;Cancelamento não realizado;Não Respondida;SCM;CLARO S.A.;Grande;Claro;RJ
05/11/2023;Reclamação;Atendimento;Atendimento inadequado;Respondida;SCM;CLARO S.A.;Grande;Claro;SP
28/08/2023;Reclamação;Atendimento;Atendimento inadequado;Respondida;SCM;OI S.A.;Grande;Oi;PE
21/01/2022;Reclamação;Velocidade;Velocidade abaixo do contratado;Respondida;SCM;TELEFONICA BRASIL S.A.;Grande;Vivo;PR
10/03/2023;Reclamação;Instalação;Prazo de instalação excedido;Respondida;SCM;TELEFONICA BRASIL S.A.;Grande;Vivo;MG
16/02/2022;Reclamação; ;Prazo de instalação excedido;Respondida;SCM;EMBRATEL S.A.;Grande;Claro;AC
06/01/2023;Reclamação;Velocidade;Velocidade abaixo do contratado;Não Respondida;SCM;TELEFONICA BRASIL S.A.;Grande;Vivo;SE
09/07/2023;Reclamação;Falha;Falha/Interrupção do serviço;Respondida;SCM;Tim Celular;Grande;TIM Group;BA
22/04/2022;Reclamação;Cobrança;Cobrança indevida;Respondida;SCM;EMBRATEL S.A.;Grande;Claro;SP
28/05/2022;Reclamação;Outros;N/A;Não Respondida;SCM;CLARO S.A.;Grande;Claro;MG
17/11/2022;Reclamação;Velocidade;Velocidade abaixo do contratado;Respondida;SCM;CLARO S.A.;Grande;Claro;PR
11/07/2023;Reclamação;Velocidade;Velocidade abaixo do contratado;Respondida;SCM;OI S.A.;Grande;Oi;RJ
09/03/2023;Reclamação;Cobrança;Cobrança indevida;Em Andamento;SCM;TIM CELULAR;Grande;TIM Group;RJ
21/11/2022;Reclamação;Velocidade;NÃO INFORMADO;Respondida;SCM;OI S.A.;Grande;Oi;SC
28/04/2023;Reclamação;Velocidade;Velocidade abaixo do contratado;Respondida;SCM;EMBRATEL S.A.;-;Claro;SP
10/12/2022;Reclamação;Contrato;Cancelamento não realizado;Respondida;SCM;TELEFONICA BRASIL S.A.;Grande;Vivo;PA
30/03/2022;Reclamação;Velocidade;Velocidade abaixo do contratado;Não Respondida;SCM;EMBRATEL S.A.;Grande;Claro;SP
14/03/2023;Reclamação;Contrato;Cancelamento não realizado;Em Andamento;SCM;TELEFONICA BRASIL S.A.;Grande;Vivo;GO
03/12/2023;Reclamação;Instalação;Prazo de instalação excedido;Em Andamento;SCM;NET SERVIÇOS DE COMUNICAÇÃO S.A.;Grande;Claro;MS
22/12/2023;Reclamação;Cobrança;Cobrança indevida;Não Respondida;SCM;Telefonica Brasil S.A.;Grande;Vivo;SC
15/08/2023;Reclamação;Velocidade;Velocidade abaixo do contratado;Respondida;SCM;Claro S.A.;Grande;Claro;MG
02/07/2022;Reclamação;Velocidade;Velocidade abaixo do contratado;Em Andamento;SCM;N/A;Grande;Vivo;RN
08/11/2023;Reclamação;Cobrança;Cobrança indevida;Respondida;SCM;CLARO S.A.;Grande;Claro;MA
03/08/2023;Reclamação;Velocidade;Velocidade abaixo do contratado;Respondida;SCM;CLARO S/A;Grande;Claro;MS
08/08/2023;Reclamação;Outros;Outros;Respondida;SCM;TIM CELULAR;Grande;TIM Group;RJ
27/04/2022;Reclamação;Contrato;Cancelamento não realizado;Respondida;SCM;TIM CELULAR;Grande;TIM Group;RJ
02/12/2022;Reclamação;Cobrança;Cobrança indevida;Não Respondida;SCM;SERCOMTEL S.A.;Pequeno;Sercomtel;PE
19/03/2023;Reclamação;Falha;Falha/Interrupção do serviço;Em Andamento;SCM;TIM CELULAR;Grande;TIM Group;MT
30/04/2023;Reclamação;Falha;Falha/Interrupção do serviço;Respondida;SCM;NET SERVIÇOS DE COMUNICAÇÃO S.A.;Grande;Claro;SP
14/02/2023;Reclamação;Cobrança;Cobrança indevida;Respondida;SCM;CLARO S.A.;Grande;Claro;GO
03/04/2023;Reclamação;Falha;Falha/Interrupção do serviço;Respondida;SCM;CLARO S/A;Grande;Claro;AC
31/08/2023;Reclamação;Velocidade;Velocidade abaixo do contratado;Respondida;SCM;CLARO S.A.;Grande;Claro;RJ
23/10/2023;Reclamação;Cobrança;Cobrança indevida;Respondida;SCM;TIM CELULAR;Grande;TIM Group;RS
12/12/2022;Reclamação;Velocidade;Velocidade abaixo do contratado;Em Andamento;SCM;Net Serviços De Comunicação S.A.;Grande;Claro;SP
12/02/2022;Reclamação;Velocidade;Velocidade abaixo do contratado;Respondida;SCM;CLARO S.A.;Grande;Claro;MA
27/04/2022;Reclamação;-;Falha/Interrupção do serviço;Respondida;SCM;EMBRATEL S.A.;Grande;Claro;PA
18/02/2023;Reclamação;Cobrança;Cobrança indevida;Respondida;SCM;TIM CELULAR;Grande;TIM Group;RS
17/01/2022;Reclamação;Atendimento;Atendimento inadequado;Respondida;SCM;TELEFONICA BRASIL S.A.;Grande;Vivo;SP
12/02/2023;Reclamação;Velocidade;Velocidade abaixo do contratado;Respondida;SCM;CLARO S.A.;Grande;Claro;AM
02/09/2022;Reclamação;Velocidade;-;Respondida;SCM;EMBRATEL S.A.;Grande;Claro;SP
15/05/2023;Reclamação;Velocidade;Velocidade abaixo do contratado;Respondida;SCM;CLARO S/A;Grande;Claro;SC
03/12/2022;Reclamação;Velocidade;Velocidade abaixo do contratado;Não Respondida;SCM;TIM CELULAR;Grande;TIM Group;SP
03/05/2023;Reclamação;Cobrança;N/A;Respondida;SCM;TIM CELULAR;Grande;TIM Group;SP
04/03/2022;Reclamação;Falha;Falha/Interrupção do serviço;Não Respondida;SCM;CLARO S.A.;Grande;Claro;RJ
05/12/2023;Reclamação;Velocidade;Velocidade abaixo do contratado;Respondida;SCM;TIM CELULAR;Grande;TIM Group;GO
07/11/2023;Reclamação;Velocidade;Velocidade abaixo do contratado;Respondida;SCM;CLARO S.A.;Grande;Claro;MG
16/03/2022;Reclamação;-;N/A;Em Andamento;SCM;NET SERVIÇOS DE COMUNICAÇÃO S.A.;Grande;Claro;PA
10/05/2022;Reclamação;Cobrança;Cobrança indevida;Não Respondida;SCM;CLARO S.A.;Grande;NÃO INFORMADO;ES
30/07/2023;Reclamação;Falha;Falha/Interrupção do serviço;Respondida;SCM;TIM CELULAR;Grande;TIM Group;PE
02/03/2022;Reclamação;Atendimento;Atendimento inadequado;Não Respondida;SCM;CLARO S/A;Grande;Claro;SP
01/12/2023;Reclamação;Velocidade;Velocidade abaixo do contratado;Respondida;SCM;TELEFONICA BRASIL S.A.;Grande;Vivo;CE
13/12/2022;Reclamação;Velocidade;Velocidade abaixo do contratado;Respondida;SCM;TELEFONICA BRASIL S.A.;Grande;Vivo;SP
14/08/2023;Reclamação;-;Velocidade abaixo do contratado;Em Andamento;SCM;TELEFONICA BRASIL S.A.;Grande;Vivo;RS
20/02/2023;Reclamação;Falha;Falha/Interrupção do serviço;Em Andamento;SCM;CLARO S.A.;Grande;Claro;SP
14/07/2023;Reclamação;Velocidade;Velocidade abaixo do contratado;Em Andamento;SCM;EMBRATEL S.A.;Grande;Claro;TO
23/02/2022;Reclamação;Falha;Falha/Interrupção do serviço;Respondida;SCM;CLARO S.A.;Grande;Claro;RJ
29/07/2022;Reclamação;Velocidade;Velocidade abaixo do contratado;Não Respondida;SCM;CLARO S.A.;Grande;Claro;AL
17/10/2022;Reclamação;Cobrança;Cobrança indevida;Não Respondida;SCM;CLARO S.A.;Grande;Claro;SP
03/03/2023;Reclamação;Falha;Falha/Interrupção do serviço;Respondida;SCM;CLARO S.A.;Grande;Claro;MG
08/09/2022;Reclamação;Cobrança;Cobrança indevida;Respondida;SCM;TELEFONICA BRASIL S.A.;Grande;Vivo;RO
05/02/2022;Reclamação;Velocidade;Velocidade abaixo do contratado;Não Respondida;SCM;TELEFONICA BRASIL S.A.;Grande;Vivo;MT
23/07/2022;Reclamação;Instalação;Prazo de instalação excedido;Respondida;SCM;OI S.A.;Grande;Oi;PA
12/03/2023;Reclamação;Velocidade;Velocidade abaixo do contratado;Respondida;SCM;CLARO S.A.;Grande;Claro;SP
16/06/2023;Reclamação;Cobrança; ;Respondida;SCM;OI S.A.;Grande;Oi;MS
03/02/2023;Reclamação;Velocidade;Velocidade abaixo do contratado;Respondida;SCM;CLARO S.A.;Grande;Claro;SP
27/06/2022;Reclamação;Cobrança;Cobrança indevida;Respondida;SCM;TIM CELULAR;Grande;TIM Group;MG
23/05/2022;Reclamação;Velocidade;Velocidade abaixo do contratado;Não Respondida;SCM;EMBRATEL S.A.;Grande;Claro;SP
20/07/2022;Reclamação;Instalação;Prazo de instalação excedido;Respondida;SCM;OI S.A.;Grande;Oi;RJ
18/02/2023;Reclamação;Falha;Falha/Interrupção do serviço;Respondida;SCM;TELEFONICA BRASIL S.A.;Grande;Vivo;ES
17/08/2023;Reclamação;Cobrança;Cobrança indevida;Respondida;SCM;EMBRATEL S.A.;Grande;Claro;PE
17/06/2022;Reclamação;Outros;Outros;Respondida;SCM;CLARO S.A.;Grande;Claro;CE
04/06/2022;Reclamação;Contrato;Cancelamento não realizado;Respondida;SCM;CLARO S.A.;Grande;Claro;MG
25/02/2022;Reclamação;Falha;Falha/Interrupção do serviço;Respondida;SCM;CLARO S.A.;Grande;Claro;SP
21/02/2022;Reclamação;Contrato;Cancelamento não realizado;Respondida;SCM;EMBRATEL S.A.;Grande;Claro;BA
09/10/2022;Reclamação;Falha;Falha/Interrupção do serviço;Em Andamento;SCM;TELEFONICA BRASIL S.A.;Grande;Vivo;RJ
27/11/2023;Reclamação;Velocidade;Velocidade abaixo do contratado;Respondida;SCM;TIM CELULAR;Grande;TIM Group;PE
09/03/2023;Reclamação;Velocidade;Velocidade abaixo do contratado;Respondida;SCM;EMBRATEL S.A.;Grande;Claro;SP
20/04/2022;Reclamação;Velocidade;Velocidade abaixo do contratado;Respondida;SCM;EMBRATEL S.A.;Grande;Claro;PR
17/05/2022;Reclamação;Contrato;Cancelamento não realizado;Respondida;SCM;CLARO S.A.;Grande;Claro;RJ
31/12/2022;Reclamação;Atendimento;Atendimento inadequado;Respondida;SCM;TIM CELULAR;Grande;TIM Group;RJ
12/01/2022;Reclamação;Outros;Outros;Respondida;SCM;CLARO S.A.;Grande;Claro;SC
25/04/2023;Reclamação;Cobrança;Cobrança indevida;Em Andamento;SCM;TELEFONICA BRASIL S.A.;Grande;Vivo;RJ
01/06/2022;Reclamação;Velocidade;Velocidade abaixo do contratado;Não Respondida;SCM;TIM CELULAR;Grande;TIM Group;PE
14/03/2022;Reclamação;Velocidade;Velocidade abaixo do contratado;Não Respondida;SCM;CLARO S.A.;Grande;Claro;RJ
26/12/2022;Reclamação;Contrato;Cancelamento não realizado;Não Respondida;SCM;TELEFONICA BRASIL S.A.;Grande;Vivo;MA
12/09/2022;Reclamação;Velocidade;Velocidade abaixo do contratado;Respondida;SCM;CLARO S.A.;Grande;Claro;RJ
15/04/2023;Reclamação;Atendimento;Atendimento inadequado;Não Respondida;SCM;TELEFONICA BRASIL S.A.;Grande;-;SP
10/09/2023;Reclamação;Velocidade;Velocidade abaixo do contratado;Respondida;SCM;TIM CELULAR;Grande;TIM Group;SP
25/06/2022;Reclamação;Velocidade;Velocidade abaixo do contratado;Respondida;SCM;TIM CELULAR;Grande;TIM Group;SP
14/04/2022;Reclamação;Velocidade;Velocidade abaixo do contratado;Respondida;SCM;CLARO S.A.;Grande;Claro;RN
31/12/2023;Reclamação;Cobrança;Cobrança indevida;Respondida;SCM;CLARO S.A.;Grande;Claro;SP
13/06/2022;Reclamação;Contrato;Cancelamento não realizado;Respondida;SCM;CLARO S.A.;Grande;Claro;AP
22/03/2022;Reclamação;Velocidade;Velocidade abaixo do contratado;Respondida;SCM;OI S.A.;Grande;Oi;RJ
29/03/2023;Reclamação;Falha;Falha/Interrupção do serviço;Respondida;SCM;CLARO S.A.;Grande;Claro;AM
18/02/2022;Reclamação;Cobrança;Cobrança indevida;Respondida;SCM;CLARO S.A.;Grande;Claro;SC
02/03/2022;Reclamação;Atendimento;Atendimento inadequado;Não Respondida;SCM;TIM CELULAR;Grande;TIM Group;RJ
07/05/2023;Reclamação;Velocidade;Velocidade abaixo do contratado;Respondida;SCM;CLARO S/A;Grande;Claro;ES
26/06/2022;Reclamação;Contrato;Cancelamento não realizado;Respondida;SCM;CLARO S.A.;Grande;Claro;PI
25/09/2023;Reclamação;Cobrança;Cobrança indevida;Respondida;SCM;TELEFONICA BRASIL S.A.;Grande;Vivo;GO
02/06/2022;Reclamação;Velocidade;Velocidade abaixo do contratado;Respondida;SCM;CLARO S.A.;Grande;Claro;RS
20/12/2022;Reclamação;Falha;Falha/Interrupção do serviço;Respondida;SCM;OI S.A.;Grande;Oi;PE
09/07/2022;Reclamação;Velocidade;Velocidade abaixo do contratado;Respondida;SCM;TELEFONICA BRASIL S.A.;Grande;Vivo;RN
19/12/2022;Reclamação;Velocidade;Velocidade abaixo do contratado;Não Respondida;SCM;TELEFONICA BRASIL S.A.;Grande;Vivo;AP
27/03/2023;Reclamação;Velocidade;Velocidade abaixo do contratado;Não Respondida;SCM;CLARO S.A.;Grande;Claro;SP
09/11/2022;Reclamação;Contrato;Cancelamento não realizado;Não Respondida;SCM;CLARO S.A.;Grande;Claro;RJ
23/03/2023;Reclamação;Velocidade;Velocidade abaixo do contratado;Não Respondida;SCM;TELEFONICA BRASIL S.A.;Grande;Vivo;ES
03/04/2022;Reclamação;Falha;Falha/Interrupção do serviço;Não Respondida;SCM;CLARO S.A.;Grande;Claro;RS
07/08/2023;Reclamação;Cobrança;Cobrança indevida;Respondida;SCM;OI S.A.;Grande;Oi;AL
01/05/2022;Reclamação;Atendimento;Atendimento inadequado;Respondida;SCM;Telefonica Brasil S.A.; ;Vivo;SP
16/09/2023;Reclamação;Velocidade;Velocidade abaixo do contratado;Respondida;SCM;CLARO S.A.; ;Claro;TO
02/07/2023;Reclamação;Velocidade;Velocidade abaixo do contratado;Respondida;SCM;OI S.A.;Grande;Oi;SC
22/10/2023;Reclamação;Velocidade;Velocidade abaixo do contratado;Respondida;SCM;CLARO S.A.;Grande;Claro;SP
09/01/2022;Reclamação;Atendimento;Atendimento inadequado;Respondida;SCM;TIM CELULAR;Grande;TIM Group;SP
17/05/2022;Reclamação;Velocidade;Velocidade abaixo do contratado;Respondida;SCM;CLARO S.A.;Grande;Claro;SE
30/07/2023;Reclamação;Velocidade;Velocidade abaixo do contratado;Não Respondida;SCM;NET SERVIÇOS DE COMUNICAÇÃO S.A.;Grande;Claro;SP
07/03/2023;Reclamação;Atendimento;Atendimento inadequado;Respondida;SCM;TIM CELULAR;Grande;TIM Group;RS
12/01/2022;Reclamação;Velocidade;Velocidade abaixo do contratado;Respondida;SCM;TELEFONICA BRASIL S.A.;Grande;Vivo;MG
07/07/2023;Reclamação;Instalação;Prazo de instalação excedido;Respondida;SCM;TELEFONICA BRASIL S.A.;Grande;Vivo;RN
09/10/2023;Reclamação;Cobrança;Cobrança indevida;Respondida;SCM;CLARO S.A.;Grande;Claro;MA
18/06/2023;Reclamação;Velocidade;Velocidade abaixo do contratado;Em Andamento;SCM;EMBRATEL S.A.;Grande;Claro;RS
14/09/2022;Reclamação;Atendimento;Atendimento inadequado;Respondida;SCM;EMBRATEL S.A.;Grande;Claro;MT
19/01/2022;Reclamação;Velocidade;Velocidade abaixo do contratado;Não Respondida;SCM;TELEFONICA BRASIL S.A.;Grande;Vivo;AM
06/01/2022;Reclamação;Velocidade;Velocidade abaixo do contratado;Respondida;SCM;CLARO S.A.;Grande;Claro;MT
02/05/2022;Reclamação;Atendimento;-;Respondida;SCM;CLARO S.A.;Grande;Claro;PR
17/12/2023;Reclamação;Atendimento;Atendimento inadequado;Em Andamento;SCM;NET SERVIÇOS DE COMUNICAÇÃO S.A.;Grande;Claro;RJ
10/05/2022;Reclamação;Velocidade;Velocidade abaixo do contratado;Não Respondida;SCM;CLARO S.A.;Grande;Claro;MG
27/10/2023;Reclamação;Velocidade;Velocidade abaixo do contratado;Respondida;SCM;OI S.A.;Grande;Oi;RN
06/02/2022;Reclamação;Falha;Falha/Interrupção do serviço;Não Respondida;SCM;CLARO S/A;Grande;Claro;MS
16/06/2023;Reclamação;Cobrança;Cobrança indevida;Respondida;SCM;TELEFONICA BRASIL S.A.;Grande;Vivo;SC
18/12/2022;Reclamação;Outros;Outros;Respondida;SCM;TELEFONICA BRASIL S.A.;Grande;Vivo;MG
21/06/2023;Reclamação;Velocidade;Velocidade abaixo do contratado;Não Respondida;SCM;EMBRATEL S.A.;Grande;Claro;PE
15/07/2023;Reclamação;Atendimento;-;Respondida;SCM;TELEFONICA BRASIL S.A.;Grande;Vivo;SP
14/09/2022;Reclamação;Falha;Falha/Interrupção do serviço;Respondida;SCM;TIM CELULAR;Grande;TIM Group;SP
15/04/2022;Reclamação;Velocidade;Velocidade abaixo do contratado;Respondida;SCM;TIM CELULAR;Grande;TIM Group;SP
07/11/2023;Reclamação;Velocidade;Velocidade abaixo do contratado;Respondida;SCM;CLARO S.A.;Grande;Claro;RJ
27/01/2022;Reclamação;Atendimento;Atendimento inadequado;Respondida;SCM;TELEFONICA BRASIL S.A.;Grande;Vivo;SP
13/10/2023;Reclamação;Velocidade;Velocidade abaixo do contratado;Não Respondida;SCM;CLARO S.A.;Grande;Claro;CE
14/05/2023;Reclamação;Falha;Falha/Interrupção do serviço;Não Respondida;SCM;TELEFONICA BRASIL S.A.;Grande;Vivo;MG
30/07/2023;Reclamação;Velocidade;Velocidade abaixo do contratado;Respondida;SCM;CLARO S.A.;Grande;Claro;BA
04/02/2023;Reclamação;Velocidade;Velocidade abaixo do contratado;Respondida;SCM;TIM CELULAR;Grande;TIM Group;SE
25/04/2022;Reclamação;Velocidade;Velocidade abaixo do contratado;Respondida;SCM;TELEFONICA BRASIL S.A.;Grande;Vivo;RJ
21/05/2023;Reclamação;Falha;Falha/Interrupção do serviço;Em Andamento;SCM;TELEFONICA BRASIL S.A.;Grande;Vivo;SP
31/03/2022;Reclamação;Velocidade;Velocidade abaixo do contratado;Não Respondida;SCM;CLARO S.A.;Grande;Claro;MA
24/08/2023;Reclamação;Velocidade;Velocidade abaixo do contratado;Respondida;SCM;Embratel S.A.;Grande;Claro;PA
08/11/2023;Reclamação;Cobrança;Cobrança indevida;Respondida;SCM;TELEFONICA BRASIL S.A.;Grande;Vivo;SP
12/01/2023;Reclamação;Cobrança;Cobrança indevida;Respondida;SCM;TELEFONICA BRASIL S.A.;Grande;Vivo;MG
27/03/2022;Reclamação;Cobrança;Cobrança indevida;Respondida;SCM;CLARO S.A.;Grande;Claro;SP
01/07/2022;Reclamação;Cobrança;Cobrança indevida;Não Respondida;SCM;OI S.A.;Grande;Oi;TO
19/07/2023;Reclamação;Cobrança;Cobrança indevida;Respondida;SCM;TIM CELULAR;Grande;TIM Group;SP
09/10/2023;Reclamação;Contrato;Cancelamento não realizado;Respondida;SCM;TIM CELULAR;Grande;TIM Group;RJ
07/11/2023;Reclamação;Outros;Outros;Respondida;SCM;CLARO S/A;Grande;Claro;SP
14/05/2023;Reclamação;Atendimento;Atendimento inadequado;Respondida;SCM;CLARO S.A.;Grande;Claro;SP
08/10/2023;Reclamação;Velocidade;Velocidade abaixo do contratado;Em Andamento;SCM;CLARO S.A.;Grande;Claro;BA
07/10/2023;Reclamação;Velocidade;Velocidade abaixo do contratado;Respondida;SCM;CLARO S.A.;Grande;Claro;PA
10/06/2022;Reclamação;Velocidade;Velocidade abaixo do contratado;Respondida;SCM;N/A;Grande;Claro;PR
19/12/2023;Reclamação;Falha;Falha/Interrupção do serviço;Não Respondida;SCM;OI S.A.;Grande;Oi;RJ
14/12/2022;Reclamação;Velocidade;Velocidade abaixo do contratado;Respondida;SCM;TIM CELULAR;Grande;TIM Group;SP
21/05/2022;Reclamação;Cobrança;Cobrança indevida;Não Respondida;SCM;SERCOMTEL S.A.;Pequeno;Sercomtel;MG
22/04/2023;Reclamação;Falha;Falha/Interrupção do serviço;Em Andamento;SCM;TIM CELULAR;Grande;TIM Group;BA
26/09/2022;Reclamação;Velocidade;Velocidade abaixo do contratado;Respondida;SCM;CLARO S.A.;Grande;Claro;SP
10/02/2023;Reclamação;Atendimento;N/A;Não Respondida;SCM;CLARO S.A.;Grande;Claro;BA
12/06/2022;Reclamação;Cobrança;Cobrança indevida;Respondida;SCM;TIM CELULAR;Grande;TIM Group;PI
02/11/2023;Reclamação;Velocidade;Velocidade abaixo do contratado;Respondida;SCM;TIM CELULAR;Grande;TIM Group;SP
26/10/2022;Reclamação;Velocidade;Velocidade abaixo do contratado;Respondida;SCM;OI S.A.;Grande;Oi;RJ
20/05/2023;Reclamação;Cobrança;Cobrança indevida;Não Respondida;SCM;CLARO S.A.;Grande;Claro;GO
07/02/2023;Reclamação;Cobrança;Cobrança indevida;Respondida;SCM;TELEFONICA BRASIL S.A.;Grande;Vivo;RN
17/03/2022;Reclamação;Outros;Outros;Respondida;SCM;CLARO S.A.;Grande;Claro;MG
23/09/2023;Reclamação;Atendimento;Atendimento inadequado;Em Andamento;SCM;NET SERVIÇOS DE COMUNICAÇÃO S.A.;Grande;Claro;RJ
02/10/2022;Reclamação;Falha;Falha/Interrupção do serviço;Respondida;SCM;NET SERVIÇOS DE COMUNICAÇÃO S.A.;Grande;Claro;RS
17/01/2022;Reclamação;Velocidade;Velocidade abaixo do contratado;Respondida;SCM;OI S.A.;Grande;Oi;SP
12/02/2022;Reclamação;Cobrança;Cobrança indevida;Respondida;SCM;EMBRATEL S.A.;Grande;Claro;RN
10/11/2023;Reclamação;Cobrança;Cobrança indevida;Respondida;SCM;CLARO S.A.;Grande;Claro;SP
01/07/2023;Reclamação;NÃO INFORMADO;Cobrança indevida;Não Respondida;SCM;OI S.A.;Grande;Oi;SP
15/12/2023;Reclamação;Atendimento;Atendimento inadequado;Respondida;SCM;CLARO S.A.;Grande;Claro;PR
26/08/2022;Reclamação;Velocidade;Velocidade abaixo do contratado;Não Respondida;SCM;TIM CELULAR;Grande;TIM Group;RJ
03/09/2022;Reclamação;Velocidade;Velocidade abaixo do contratado;Respondida;SCM;CLARO S.A.;Grande;Claro;PR
10/05/2022;Reclamação;Atendimento;-;Respondida;SCM;TELEFONICA BRASIL S.A.;Grande;Vivo;SP
01/07/2023;Reclamação;Cobrança;Cobrança indevida;Não Respondida;SCM;CLARO S.A.;Grande;Claro;SP
22/02/2022;Reclamação;Velocidade;Velocidade abaixo do contratado;Respondida;SCM;TELEFONICA BRASIL S.A.;Grande;Vivo;PI
03/07/2022;Reclamação;Velocidade;Velocidade abaixo do contratado;Respondida;SCM;Claro S.A.;NÃO INFORMADO;Claro;SP
02/07/2023;Reclamação;Contrato;-;Não Respondida;SCM;TELEFONICA BRASIL S.A.;Grande;Vivo;SP
28/06/2022;Reclamação;Atendimento;Atendimento inadequado;Respondida;SCM;TIM CELULAR;Grande;TIM Group;SE
30/01/2022;Reclamação;Cobrança;Cobrança indevida;Respondida;SCM;CLARO S/A;Grande;Claro;AL
21/11/2023;Reclamação;Falha;Falha/Interrupção do serviço;Respondida;SCM;TELEFONICA BRASIL S.A.;Grande;Vivo;MG
21/07/2022;Reclamação;Velocidade;Velocidade abaixo do contratado;Não Respondida;SCM;TIM CELULAR;Grande;TIM Group;PE
09/10/2022;Reclamação;Atendimento;Atendimento inadequado;Respondida;SCM;CLARO S.A.;Grande;Claro;SP
01/07/2022;Reclamação;Velocidade;Velocidade abaixo do contratado;Respondida;SCM;Claro S.A.;Grande;Claro;PR
07/02/2023;Reclamação;Velocidade;Velocidade abaixo do contratado;Respondida;SCM;EMBRATEL S.A.;Grande;Claro;RR
08/06/2022;Reclamação;Cobrança;Cobrança indevida;Não Respondida;SCM;EMBRATEL S.A.;Grande;Claro;SC
04/02/2023;Reclamação;Velocidade;Velocidade abaixo do contratado;Não Respondida;SCM;CLARO S.A.;Grande;Claro;MT
09/12/2022;Reclamação;Velocidade;Velocidade abaixo do contratado;Respondida;SCM;EMBRATEL S.A.;Grande;Claro;PR
11/07/2023;Reclamação;Instalação;Prazo de instalação excedido;Não Respondida;SCM;TELEFONICA BRASIL S.A.;Grande;Vivo;RS
22/10/2022;Reclamação;Cobrança;Cobrança indevida;Respondida;SCM;CLARO S/A;Grande;Claro;RS
08/01/2022;Reclamação;Instalação;Prazo de instalação excedido;Respondida;SCM;TIM CELULAR;Grande;TIM Group;SE
17/01/2022;Reclamação;Contrato;Cancelamento não realizado;Não Respondida;SCM;CLARO S/A;Grande;Claro;SP
17/06/2022;Reclamação;Outros;Outros;Respondida;SCM;EMBRATEL S.A.;Grande;Claro;SP
30/12/2023;Reclamação;Cobrança;Cobrança indevida;Respondida;SCM;CLARO S.A.;Grande;Claro;BA
18/05/2023;Reclamação;Falha;NÃO INFORMADO;Respondida;SCM;TELEFONICA BRASIL S.A.;Grande;Vivo;MA
27/09/2023;Reclamação;Atendimento;Atendimento inadequado;Respondida;SCM;OI S.A.;Grande;Oi;RJ
02/11/2023;Reclamação;Contrato;Cancelamento não realizado;Respondida;SCM;OI S.A.;Grande;Oi;RO
27/09/2023;Reclamação;Cobrança;Cobrança indevida;Não Respondida;SCM;CLARO S.A.;Grande;Claro;SP
12/10/2023;Reclamação;Outros;Outros;Respondida;SCM;TELEFONICA BRASIL S.A.;Grande;Vivo;SP
28/02/2022;Reclamação;Contrato;Cancelamento não realizado;Respondida;SCM;CLARO S.A.;Grande;Claro;BA
22/10/2022;Reclamação;-;Prazo de instalação excedido;Em Andamento;SCM;CLARO S.A.;Grande;Claro;SP
17/02/2022;Reclamação;Outros;Outros;Respondida;SCM;NET SERVIÇOS DE COMUNICAÇÃO S.A.;Grande;Claro;PE
04/05/2022;Reclamação;Velocidade;Velocidade abaixo do contratado;Respondida;SCM;EMBRATEL S.A.;Grande;-;SP
19/09/2022;Reclamação;Atendimento;Atendimento inadequado;Em Andamento;SCM;TIM CELULAR;Grande;TIM Group;GO
21/08/2022;Reclamação;Velocidade;Velocidade abaixo do contratado;Respondida;SCM;TELEFONICA BRASIL S.A.;Grande;Vivo;MA
09/05/2022;Reclamação;Atendimento;Atendimento inadequado;Respondida;SCM;CLARO S.A.;Grande;Claro;RS
10/03/2023;Reclamação;Velocidade;Velocidade abaixo do contratado;Não Respondida;SCM;TELEFONICA BRASIL S.A.;Grande;Vivo;PR
17/12/2022;Reclamação;Outros;Outros;Respondida;SCM;EMBRATEL S.A.;Grande;Claro;MA
28/05/2022;Reclamação;Atendimento;Atendimento inadequado;Respondida;SCM;Oi S.A.;Grande;Oi;PB
06/02/2022;Reclamação;Cobrança;Cobrança indevida;Respondida;SCM;-;Grande;Vivo;MA
10/10/2023;Reclamação;Falha;Falha/Interrupção do serviço;Em Andamento;SCM;TIM CELULAR;Grande;TIM Group;PB
30/04/2022;Reclamação;Velocidade;Velocidade abaixo do contratado;Respondida;SCM;CLARO S.A.;Grande;Claro;AM
04/06/2023;Reclamação;Falha;Falha/Interrupção do serviço;Em Andamento;SCM;NET SERVIÇOS DE COMUNICAÇÃO S.A.;Grande;Claro;SP
12/10/2023;Reclamação;Velocidade;Velocidade abaixo do contratado;Não Respondida;SCM;TIM CELULAR;Grande;TIM Group;SP
06/09/2022;Reclamação;Cobrança;-;Em Andamento;SCM;CLARO S/A;Grande;Claro;PR
12/05/2022;Reclamação;Contrato;Cancelamento não realizado;Respondida;SCM;SERCOMTEL S.A.;Pequeno;Sercomtel;PB
27/11/2022;Reclamação;Cobrança;Cobrança indevida;Respondida;SCM;CLARO S.A.;Grande;Claro;MS
17/08/2022;Reclamação;Contrato;Cancelamento não realizado;Respondida;SCM;OI S.A.;Grande;Oi;DF
20/06/2023;Reclamação;Velocidade;Velocidade abaixo do contratado;Respondida;SCM;CLARO S.A.;Grande;Claro;MG
09/06/2022;Reclamação;Velocidade;Velocidade abaixo do contratado;Não Respondida;SCM;TELEFONICA BRASIL S.A.;Grande;Vivo;PR
28/02/2023;Reclamação;Contrato;Cancelamento não realizado;Respondida;SCM;CLARO S.A.;Grande;Claro;BA
24/09/2022;Reclamação;Velocidade;Velocidade abaixo do contratado;Não Respondida;SCM;TIM CELULAR;Grande;TIM Group;PE
09/08/2023;Reclamação;Velocidade;Velocidade abaixo do contratado;Respondida;SCM;TELEFONICA BRASIL S.A.;Grande;Vivo;GO
03/03/2022;Reclamação;Velocidade;Velocidade abaixo do contratado;Respondida;SCM;OI S.A.;Grande;Oi;PA
18/03/2022;Reclamação;Velocidade;Velocidade abaixo do contratado;Não Respondida;SCM;CLARO S.A.;Grande;Claro;SP
23/12/2022;Reclamação;Falha;Falha/Interrupção do serviço;Não Respondida;SCM;TIM CELULAR;Grande;TIM Group;MG
08/03/2023;Reclamação;Cobrança;Cobrança indevida;Respondida;SCM;TELEFONICA BRASIL S.A.;Grande;Vivo;MA
19/11/2023;Reclamação;Outros;Outros;Em Andamento;SCM;TELEFONICA BRASIL S.A.;Grande;Vivo;RS
04/06/2023;Reclamação;Falha;Falha/Interrupção do serviço;Respondida;SCM;NET SERVIÇOS DE COMUNICAÇÃO S.A.;Grande;Claro;BA
10/06/2022;Reclamação;Cobrança;Cobrança indevida;Respondida;SCM;TIM CELULAR;Grande;TIM Group;RS
28/11/2022;Reclamação;Instalação;Prazo de instalação excedido;Não Respondida;SCM;OI S.A.;Grande;Oi;BA
22/10/2023;Reclamação;Cobrança;Cobrança indevida;Respondida;SCM;Claro S.A.;Grande;Claro;CE
22/08/2023;Reclamação;Atendimento;Atendimento inadequado;Respondida;SCM;CLARO S.A.;Grande;Claro;RS
01/06/2023;Reclamação;Outros;Outros;Respondida;SCM;Claro S/A;Grande;Claro;BA
10/08/2023;Reclamação;NÃO INFORMADO;Prazo de instalação excedido;Respondida;SCM;CLARO S.A.;Grande;Claro;MA
18/08/2022;Reclamação;Cobrança;Cobrança indevida;Não Respondida;SCM;NET SERVIÇOS DE COMUNICAÇÃO S.A.;Grande;Claro;RS
30/05/2023;Reclamação;Cobrança;Cobrança indevida;Não Respondida;SCM;Tim Celular;N/A;TIM Group;DF
06/08/2023;Reclamação;Cobrança;Cobrança indevida;Respondida;SCM;EMBRATEL S.A.;Grande;Claro;SP
03/11/2023;Reclamação;Falha;Falha/Interrupção do serviço;Não Respondida;SCM;Telefonica Brasil S.A.;Grande;Vivo;CE
18/09/2022;Reclamação;Velocidade;Velocidade abaixo do contratado;Não Respondida;SCM;NET SERVIÇOS DE COMUNICAÇÃO S.A.;Grande;Claro;RJ
22/03/2022;Reclamação;Velocidade;Velocidade abaixo do contratado;Respondida;SCM;CLARO S/A;Grande;Claro;RN
07/06/2022;Reclamação;Atendimento;Atendimento inadequado;Respondida;SCM;CLARO S/A;Grande;Claro;BA
22/10/2023;Reclamação;Atendimento;Atendimento inadequado;Respondida;SCM;OI S.A.;Grande;Oi;RO
13/09/2022;Reclamação;Contrato;Cancelamento não realizado;Respondida;SCM;TELEFONICA BRASIL S.A.;Grande;-;PR
10/06/2023;Reclamação;Velocidade;Velocidade abaixo do contratado;Respondida;SCM;CLARO S.A.;Grande;Claro;SC
19/05/2023;Reclamação;Cobrança;Cobrança indevida;Não Respondida;SCM;EMBRATEL S.A.;Grande;Claro;SP
09/04/2023;Reclamação;Atendimento;Atendimento inadequado;Respondida;SCM;EMBRATEL S.A.;Grande;Claro;MG
02/01/2022;Reclamação;Instalação;Prazo de instalação excedido;Respondida;SCM;NET SERVIÇOS DE COMUNICAÇÃO S.A.;Grande;Claro;PB
26/04/2022;Reclamação;Falha;Falha/Interrupção do serviço;Respondida;SCM;CLARO S.A.;Grande;Claro;PA
08/11/2022;Reclamação;Falha;Falha/Interrupção do serviço;Respondida;SCM;CLARO S.A.;Grande;Claro;ES
29/06/2023;Reclamação;Atendimento;Atendimento inadequado;Respondida;SCM;TELEFONICA BRASIL S.A.;Grande;Vivo;RS
13/07/2022;Reclamação;Cobrança;Cobrança indevida;Respondida;SCM;NET SERVIÇOS DE COMUNICAÇÃO S.A.;Grande;Claro;RJ
13/08/2022;Reclamação;Contrato;Cancelamento não realizado;Respondida;SCM;CLARO S.A.;Grande;Claro;MT
28/01/2023;Reclamação;Cobrança;Cobrança indevida;Respondida;SCM;Telefonica Brasil S.A.;Grande;Vivo;RN
15/12/2023;Reclamação;Falha;Falha/Interrupção do serviço;Respondida;SCM;TELEFONICA BRASIL S.A.;Grande;Vivo;RJ
21/01/2022;Reclamação;N/A;Falha/Interrupção do serviço;Não Respondida;SCM;CLARO S.A.;Grande;Claro;RS
25/10/2022;Reclamação;Contrato;Cancelamento não realizado;Respondida;SCM;CLARO S.A.;N/A;Claro;MG
04/11/2022;Reclamação;Cobrança;Cobrança indevida;Respondida;SCM;TELEFONICA BRASIL S.A.;Grande;Vivo;RJ
02/11/2023;Reclamação;Velocidade;Velocidade abaixo do contratado;Em Andamento;SCM;TIM CELULAR;Grande;TIM Group;PE
21/12/2022;Reclamação;Atendimento;Atendimento inadequado;Respondida;SCM;TELEFONICA BRASIL S.A.;Grande;Vivo;RJ
23/05/2022;Reclamação;Falha;Falha/Interrupção do serviço;Não Respondida;SCM;TELEFONICA BRASIL S.A.;Grande;Vivo;MA
16/11/2023;Reclamação;Velocidade;Velocidade abaixo do contratado;Respondida;SCM;NET SERVIÇOS DE COMUNICAÇÃO S.A.;Grande;Claro;SP
21/09/2022;Reclamação;Instalação;Prazo de instalação excedido;Respondida;SCM;SERCOMTEL S.A.;Pequeno;Sercomtel;AP
27/06/2022;Reclamação;Velocidade;Velocidade abaixo do contratado;Respondida;SCM;OI S.A.;Grande;Oi;PR
09/11/2023;Reclamação;Falha;Falha/Interrupção do serviço;Não Respondida;SCM;TELEFONICA BRASIL S.A.;Grande;Vivo;DF
23/09/2022;Reclamação;Velocidade;Velocidade abaixo do contratado;Respondida;SCM;Claro S.A.;Grande;Claro;RS
15/04/2023;Reclamação;Atendimento;Atendimento inadequado;Não Respondida;SCM;EMBRATEL S.A.;Grande;Claro;RJ
28/02/2023;Reclamação;Outros;Outros;Respondida;SCM;CLARO S.A.;Grande;Claro;RN
14/04/2023;Reclamação;Cobrança;Cobrança indevida;Respondida;SCM;TELEFONICA BRASIL S.A.;Grande;Vivo;CE
22/10/2022;Reclamação;Velocidade;Velocidade abaixo do contratado;Respondida;SCM;TELEFONICA BRASIL S.A.;Grande;Vivo;SP
25/09/2022;Reclamação;Velocidade;Velocidade abaixo do contratado;Não Respondida;SCM;TIM CELULAR;Grande;TIM Group;RJ
05/05/2022;Reclamação;Falha;Falha/Interrupção do serviço;Não Respondida;SCM;CLARO S.A.;Grande;Claro;MG
31/12/2023;Reclamação;Atendimento;Atendimento inadequado;Respondida;SCM;CLARO S.A.;Grande;Claro;PE
18/02/2022;Reclamação;Cobrança;Cobrança indevida;Respondida;SCM;TIM CELULAR;Grande;TIM Group;MS
12/07/2022;Reclamação;Cobrança;Cobrança indevida;Não Respondida;SCM;CLARO S.A.;Grande;Claro;PE
21/07/2023;Reclamação;Contrato;Cancelamento não realizado;Respondida;SCM;TELEFONICA BRASIL S.A.;Grande;Vivo;RJ
10/05/2022;Reclamação;Cobrança;Cobrança indevida;Respondida;SCM;CLARO S.A.;Grande;Claro;RS
06/02/2022;Reclamação;Falha;Falha/Interrupção do serviço;Não Respondida;SCM;CLARO S/A;Grande;Claro;MS
07/05/2022;Reclamação;Cobrança;Cobrança indevida;Respondida;SCM;TELEFONICA BRASIL S.A.;Grande;Vivo;SP
19/07/2023;Reclamação;Velocidade;Velocidade abaixo do contratado;Respondida;SCM;CLARO S.A.;Grande;Claro;MA
12/02/2023;Reclamação;Outros;Outros;Respondida;SCM;TELEFONICA BRASIL S.A.;Grande;Vivo;PA
08/09/2023;Reclamação;Falha;Falha/Interrupção do serviço;Em Andamento;SCM;Net Serviços De Comunicação S.A.;Grande;Claro;PE
28/04/2023;Reclamação;Cobrança;Cobrança indevida;Não Respondida;SCM;TELEFONICA BRASIL S.A.;Grande;Vivo;SC
01/09/2023;Reclamação;Cobrança;Cobrança indevida;Respondida;SCM;TIM CELULAR;Grande;TIM Group;PA
17/01/2022;Reclamação;Velocidade;Velocidade abaixo do contratado;Respondida;SCM;CLARO S.A.;Grande;Claro;RS
04/03/2022;Reclamação;Falha;Falha/Interrupção do serviço;Respondida;SCM;CLARO S.A.;Grande;Claro;BA
08/12/2023;Reclamação;Instalação;Prazo de instalação excedido;Respondida;SCM;EMBRATEL S.A.;Grande;Claro;SP
30/07/2022;Reclamação;Contrato;Cancelamento não realizado;Respondida;SCM;TIM CELULAR;Grande;TIM Group;MG
03/07/2022;Reclamação;Cobrança;Cobrança indevida;Em Andamento;SCM;TELEFONICA BRASIL S.A.;Grande;Vivo;PA
19/05/2023;Reclamação;Velocidade;Velocidade abaixo do contratado;Respondida;SCM;TELEFONICA BRASIL S.A.;Grande;Vivo;PI
29/07/2023;Reclamação;Contrato;Cancelamento não realizado;Não Respondida;SCM;OI S.A.;Grande;Oi;GO
18/01/2023;Reclamação; ;Cobrança indevida;Respondida;SCM;CLARO S.A.;Grande;Claro;PE
26/06/2023;Reclamação;Contrato;Cancelamento não realizado;Respondida;SCM;Claro S.A.;Grande;Claro;GO
01/05/2023;Reclamação;Falha;Falha/Interrupção do serviço;Não Respondida;SCM;CLARO S/A;Grande;Claro;MG
11/09/2023;Reclamação;Velocidade;Velocidade abaixo do contratado;Respondida;SCM;TIM CELULAR;Grande;TIM Group;RJ
22/06/2022;Reclamação;Velocidade;Velocidade abaixo do contratado;Em Andamento;SCM;TELEFONICA BRASIL S.A.;Grande;Vivo;PR
28/08/2022;Reclamação;Velocidade;Velocidade abaixo do contratado;Não Respondida;SCM;CLARO S.A.;Grande;Claro;PE
02/04/2022;Reclamação;Velocidade;Velocidade abaixo do contratado;Respondida;SCM;TIM CELULAR;Grande;TIM Group;RJ
01/12/2023;Reclamação;Velocidade;Velocidade abaixo do contratado;Não Respondida;SCM;CLARO S/A;Grande;Claro;CE
17/06/2023;Reclamação;Atendimento;Atendimento inadequado;Respondida;SCM;Sercomtel S.A.;Pequeno;Sercomtel;PA
24/07/2023;Reclamação;Contrato;Cancelamento não realizado;Respondida;SCM;TIM CELULAR;Grande;TIM Group;RO
15/10/2023;Reclamação;Velocidade;Velocidade abaixo do contratado;Respondida;SCM;TIM CELULAR;Grande;TIM Group;BA
19/08/2023;Reclamação;Falha;Falha/Interrupção do serviço;Respondida;SCM;EMBRATEL S.A.;Grande;Claro;SC
22/12/2023;Reclamação;Outros;Outros;Respondida;SCM;TELEFONICA BRASIL S.A.;Grande;Vivo;SP
14/02/2022;Reclamação;Velocidade;Velocidade abaixo do contratado;Respondida;SCM;Oi S.A.;Grande;Oi;SP
17/05/2022;Reclamação;N/A;Velocidade abaixo do contratado;Respondida;SCM;TELEFONICA BRASIL S.A.;Grande;Vivo;MG
06/01/2023;Reclamação;Falha;Falha/Interrupção do serviço;Respondida;SCM;TELEFONICA BRASIL S.A.;Grande;Vivo;SP
11/05/2022;Reclamação;Atendimento;Atendimento inadequado;Respondida;SCM;TIM CELULAR;Grande;TIM Group;PR
27/09/2023;Reclamação;Velocidade;Velocidade abaixo do contratado;Respondida;SCM;NET SERVIÇOS DE COMUNICAÇÃO S.A.;Grande;Claro;BA
21/04/2022;Reclamação;Cobrança;Cobrança indevida;Respondida;SCM;OI S.A.;Grande;Oi;CE
07/07/2022;Reclamação;Velocidade;Velocidade abaixo do contratado;Respondida;SCM;CLARO S.A.;Grande;Claro;PR
13/06/2022;Reclamação;Cobrança;Cobrança indevida;Respondida;SCM;TELEFONICA BRASIL S.A.;Grande;Vivo;MG
24/06/2023;Reclamação;Velocidade;Velocidade abaixo do contratado;Não Respondida;SCM;CLARO S.A.;Grande;Claro;PA
15/09/2022;Reclamação;Instalação;Prazo de instalação excedido;Respondida;SCM;TIM CELULAR;Grande;TIM Group;AM
04/01/2022;Reclamação;Contrato;Cancelamento não realizado;Não Respondida;SCM;TELEFONICA BRASIL S.A.;Grande;Vivo;SC
09/02/2022;Reclamação;Falha;Falha/Interrupção do serviço;Respondida;SCM;N/A;Grande;Oi;RJ
22/06/2022;Reclamação;Cobrança;Cobrança indevida;Respondida;SCM;CLARO S/A;Grande;Claro;SP
24/03/2022;Reclamação;Cobrança;Cobrança indevida;Em Andamento;SCM;EMBRATEL S.A.;Grande;Claro;SP
14/03/2023;Reclamação;Velocidade;Velocidade abaixo do contratado;Respondida;SCM;EMBRATEL S.A.;Grande;Claro;PA
07/08/2022;Reclamação;Atendimento;Atendimento inadequado;Em Andamento;SCM;CLARO S.A.;Grande;Claro;ES
18/03/2022;Reclamação;Velocidade;Velocidade abaixo do contratado;Respondida;SCM;CLARO S.A.;Grande;Claro;MG
09/08/2022;Reclamação;Falha;Falha/Interrupção do serviço;Respondida;SCM;Tim Celular;Grande;TIM Group;MG
07/07/2023;Reclamação;Cobrança;Cobrança indevida;Respondida;SCM;OI S.A.;Grande;Oi;MG
11/12/2022;Reclamação;Velocidade;Velocidade abaixo do contratado;Respondida;SCM;TELEFONICA BRASIL S.A.;Grande;Vivo;MG
05/03/2022;Reclamação;Cobrança;Cobrança indevida;Não Respondida;SCM;CLARO S/A;Grande;Claro;SC
08/07/2023;Reclamação;Atendimento;Atendimento inadequado;Respondida;SCM;TELEFONICA BRASIL S.A.;Grande;Vivo;SP
08/01/2022;Reclamação;Velocidade;Velocidade abaixo do contratado;Respondida;SCM;Claro S.A.;Grande;Claro;PR
15/12/2023;Reclamação;Velocidade;Velocidade abaixo do contratado;Respondida;SCM;CLARO S.A.;Grande;Claro;MG
07/02/2022;Reclamação;Velocidade;Velocidade abaixo do contratado;Respondida;SCM;TIM CELULAR;Grande;TIM Group;RJ
30/07/2023;Reclamação;Cobrança;Cobrança indevida;Respondida;SCM;TELEFONICA BRASIL S.A.;Grande;Vivo;SP
10/10/2023;Reclamação;Velocidade;Velocidade abaixo do contratado;Em Andamento;SCM;CLARO S.A.;Grande;Claro;SP
10/10/2022;Reclamação;Velocidade;Velocidade abaixo do contratado;Respondida;SCM;CLARO S.A.;Grande;Claro;MG
22/05/2023;Reclamação;Cobrança;Cobrança indevida;Respondida;SCM;TELEFONICA BRASIL S.A.;Grande;Vivo;PB
31/12/2022;Reclamação;Cobrança;Cobrança indevida;Respondida;SCM;CLARO S.A.;Grande;N/A;MG
13/05/2023;Reclamação;Falha;Falha/Interrupção do serviço;Em Andamento;SCM;CLARO S.A.;Grande;Claro;RS
10/06/2022;Reclamação;Falha;Falha/Interrupção do serviço;Respondida;SCM;OI S.A.;Grande;Oi;AL
19/03/2023;Reclamação;Cobrança;Cobrança indevida;Respondida;SCM;CLARO S.A.;Grande;Claro;MG
16/01/2023;Reclamação;Velocidade;Velocidade abaixo do contratado;Não Respondida;SCM;TIM CELULAR;Grande;TIM Group;RJ
08/08/2023;Reclamação;Falha; ;Respondida;SCM;CLARO S.A.;Grande;N/A;RJ
16/11/2022;Reclamação;Velocidade;Velocidade abaixo do contratado;Respondida;SCM;EMBRATEL S.A.;Grande;Claro;SP
22/06/2023;Reclamação;Outros;Outros;Não Respondida;SCM;OI S.A.;Grande;Oi;PR
18/12/2023;Reclamação;Contrato;Cancelamento não realizado;Respondida;SCM;TIM CELULAR;Grande;TIM Group;RO
12/04/2023;Reclamação;Falha;Falha/Interrupção do serviço;Respondida;SCM;TIM CELULAR;Grande;TIM Group;PA
28/02/2023;Reclamação;Velocidade;Velocidade abaixo do contratado;Respondida;SCM;TELEFONICA BRASIL S.A.;Grande;Vivo;MA
13/09/2022;Reclamação;Atendimento;Atendimento inadequado;Não Respondida;SCM;CLARO S.A.;Grande;Claro;SP
18/03/2023;Reclamação;Cobrança;Cobrança indevida;Respondida;SCM;TIM CELULAR;Grande;TIM Group;BA
22/10/2023;Reclamação;Velocidade;Velocidade abaixo do contratado;Respondida;SCM;CLARO S.A.;Grande;Claro;SP
12/09/2022;Reclamação;Cobrança;Cobrança indevida;Não Respondida;SCM;TIM CELULAR;Grande;TIM Group;BA
22/07/2022;Reclamação;Velocidade;Velocidade abaixo do contratado;Respondida;SCM;TIM CELULAR;Grande;TIM Group;PE
01/02/2022;Reclamação;Atendimento;Atendimento inadequado;Respondida;SCM;TIM CELULAR;Grande;TIM Group;PE
28/11/2022;Reclamação;Velocidade;Velocidade abaixo do contratado;Respondida;SCM;Embratel S.A.;Grande;Claro;SC
08/02/2023;Reclamação;Velocidade;Velocidade abaixo do contratado;Respondida;SCM;CLARO S.A.;Grande;Claro;AM
04/06/2023;Reclamação;Atendimento;Atendimento inadequado;Em Andamento;SCM;EMBRATEL S.A.;Grande;Claro;RN
28/03/2022;Reclamação;Velocidade;Velocidade abaixo do contratado;Respondida;SCM;CLARO S/A;Grande;Claro;MG
06/06/2023;Reclamação;Cobrança;Cobrança indevida;Respondida;SCM;CLARO S.A.;Grande;Claro;PI
07/02/2023;Reclamação;Outros;Outros;Respondida;SCM;CLARO S.A.;Grande;Claro;SP
25/05/2022;Reclamação;Velocidade;Velocidade abaixo do contratado;Em Andamento;SCM;TIM CELULAR;Grande;TIM Group;MG
19/01/2023;Reclamação;Cobrança;Cobrança indevida;Respondida;SCM;TELEFONICA BRASIL S.A.;Grande;Vivo;SP
17/06/2022;Reclamação;Instalação;Prazo de instalação excedido;Não Respondida;SCM;TELEFONICA BRASIL S.A.;Grande;Vivo;RJ
05/05/2023;Reclamação;Velocidade;Velocidade abaixo do contratado;Respondida;SCM; ;Grande;Vivo;RJ
24/05/2022;Reclamação;Cobrança;Cobrança indevida;Não Respondida;SCM;TIM CELULAR;Grande;TIM Group;PR
15/01/2023;Reclamação;Velocidade;Velocidade abaixo do contratado;Respondida;SCM;EMBRATEL S.A.;Grande;Claro;BA
20/08/2023;Reclamação;Falha;Falha/Interrupção do serviço;Respondida;SCM;TIM CELULAR;Grande;TIM Group;DF
24/02/2022;Reclamação;Falha;Falha/Interrupção do serviço;Respondida;SCM;Claro S.A.;Grande;Claro;BA
15/10/2023;Reclamação;Velocidade;Velocidade abaixo do contratado;Respondida;SCM;OI S.A.;Grande;Oi;SC
22/02/2023;Reclamação;Cobrança;Cobrança indevida;Respondida;SCM;CLARO S.A.;Grande;Claro;RS
29/06/2022;Reclamação;Falha;Falha/Interrupção do serviço;Respondida;SCM;SERCOMTEL S.A.;Pequeno;Sercomtel;GO
11/05/2023;Reclamação;Cobrança;Cobrança indevida;Respondida;SCM;CLARO S.A.;Grande;Claro;PR
17/01/2022;Reclamação;Velocidade;Velocidade abaixo do contratado;Respondida;SCM;EMBRATEL S.A.;Grande;Claro;CE
29/10/2023;Reclamação;Cobrança;Cobrança indevida;Respondida;SCM;NET SERVIÇOS DE COMUNICAÇÃO S.A.;Grande;Claro;DF
13/10/2023;Reclamação;Cobrança;Cobrança indevida;Não Respondida;SCM;TIM CELULAR;Grande;TIM Group;RS
06/02/2022;Reclamação;Instalação;Prazo de instalação excedido;Não Respondida;SCM;TIM CELULAR;Grande;TIM Group;RS
28/10/2022;Reclamação;Cobrança;Cobrança indevida;Respondida;SCM;TIM CELULAR;Grande;TIM Group;ES
16/04/2022;Reclamação;Cobrança;Cobrança indevida;Respondida;SCM;TELEFONICA BRASIL S.A.;Grande;Vivo;SP
07/05/2022;Reclamação;Falha;Falha/Interrupção do serviço;Respondida;SCM;CLARO S.A.;Grande;Claro;PE
31/07/2023;Reclamação;Falha;Falha/Interrupção do serviço;Respondida;SCM;TELEFONICA BRASIL S.A.;Grande;Vivo;PR
03/07/2022;Reclamação;Velocidade;Velocidade abaixo do contratado;Respondida;SCM;CLARO S.A.;Grande;Claro;DF
12/07/2023;Reclamação;Atendimento;Atendimento inadequado;Respondida;SCM;TIM CELULAR;Grande;TIM Group;SC
24/08/2022;Reclamação;Cobrança;Cobrança indevida;Respondida;SCM;TELEFONICA BRASIL S.A.;Grande;Vivo;RJ
14/03/2022;Reclamação;Contrato;Cancelamento não realizado;Não Respondida;SCM;OI S.A.;Grande;Oi;SP
05/03/2022;Reclamação;Velocidade;Velocidade abaixo do contratado;Respondida;SCM;TIM CELULAR;Grande;TIM Group;SP
05/12/2023;Reclamação;Velocidade;Velocidade abaixo do contratado;Respondida;SCM;OI S.A.;Grande;Oi;CE
18/05/2023;Reclamação;Contrato;Cancelamento não realizado;Não Respondida;SCM;TELEFONICA BRASIL S.A.;Grande;Vivo;PR
23/07/2023;Reclamação;Cobrança;Cobrança indevida;Respondida;SCM;OI S.A.;Grande;Oi;RJ
11/02/2022;Reclamação;Atendimento;Atendimento inadequado;Respondida;SCM;TELEFONICA BRASIL S.A.;Grande;Vivo;SP
17/01/2023;Reclamação;Velocidade;Velocidade abaixo do contratado;Não Respondida;SCM;OI S.A.;Grande;Oi;RN
25/10/2023;Reclamação;Velocidade;Velocidade abaixo do contratado;Em Andamento;SCM;TIM CELULAR;Grande;TIM Group;MA
25/06/2023;Reclamação;Contrato;Cancelamento não realizado;Respondida;SCM;CLARO S.A.;Grande;Claro;RJ
05/04/2023;Reclamação;Velocidade;Velocidade abaixo do contratado;Respondida;SCM;SERCOMTEL S.A.;Pequeno;Sercomtel;CE
01/10/2022;Reclamação;Velocidade;Velocidade abaixo do contratado;Não Respondida;SCM;TIM CELULAR;Grande;TIM Group;PB
20/01/2022;Reclamação;Cobrança;Cobrança indevida;Respondida;SCM;TELEFONICA BRASIL S.A.;Grande;Vivo;RS
15/05/2022;Reclamação;Velocidade;Velocidade abaixo do contratado;Não Respondida;SCM;TELEFONICA BRASIL S.A.;Grande;Vivo;ES
29/11/2023;Reclamação;Cobrança;Cobrança indevida;Respondida;SCM;TELEFONICA BRASIL S.A.;Grande;Vivo;RS
23/10/2023;Reclamação;Cobrança;Cobrança indevida;Em Andamento;SCM;NET SERVIÇOS DE COMUNICAÇÃO S.A.;Grande;Claro;AM
31/03/2023;Reclamação;Falha;Falha/Interrupção do serviço;Respondida;SCM;OI S.A.;Grande;Oi;RS
03/05/2022;Reclamação;Cobrança;Cobrança indevida;Respondida;SCM;EMBRATEL S.A.;Grande;Claro;PR
19/11/2022;Reclamação;Contrato;Cancelamento não realizado;Respondida;SCM;CLARO S.A.;Grande;Claro;BA
12/04/2023;Reclamação;Velocidade;Velocidade abaixo do contratado;Respondida;SCM;EMBRATEL S.A.;Grande;Claro;MA
28/06/2023;Reclamação;Falha;Falha/Interrupção do serviço;Respondida;SCM;SERCOMTEL S.A.;Pequeno;Sercomtel;AL
02/03/2022;Reclamação;Falha;Falha/Interrupção do serviço;Respondida;SCM;CLARO S.A.;Grande;Claro;MG
08/10/2022;Reclamação;Cobrança;Cobrança indevida;Em Andamento;SCM;TIM CELULAR;Grande;TIM Group;RJ
25/03/2023;Reclamação;Falha;Falha/Interrupção do serviço;Respondida;SCM;CLARO S.A.;Grande;Claro;SP
17/09/2022;Reclamação;Velocidade;NÃO INFORMADO;Respondida;SCM;CLARO S.A.;Grande;Claro;RJ
03/09/2023;Reclamação;Velocidade;Velocidade abaixo do contratado;Respondida;SCM;CLARO S.A.;Grande;Claro;SP
12/09/2022;Reclamação;Cobrança;Cobrança indevida;Em Andamento;SCM;TIM CELULAR;Grande;TIM Group;PR
22/03/2022;Reclamação;Cobrança;Cobrança indevida;Respondida;SCM;Telefonica Brasil S.A.;Grande;Vivo;CE
06/06/2023;Reclamação;Falha;Falha/Interrupção do serviço;Respondida;SCM;TELEFONICA BRASIL S.A.;Grande;Vivo;AP
26/04/2022;Reclamação;Falha;Falha/Interrupção do serviço;Não Respondida;SCM;CLARO S.A.;Grande;Claro;PA
25/10/2022;Reclamação;Contrato;N/A;Respondida;SCM;CLARO S.A.;Grande;Claro;MA
22/02/2022;Reclamação;N/A;Falha/Interrupção do serviço;Respondida;SCM;EMBRATEL S.A.;Grande;Claro;AM
16/10/2022;Reclamação;Atendimento;Atendimento inadequado;Em Andamento;SCM;CLARO S.A.;Grande;Claro;PR
24/09/2023;Reclamação;Cobrança;Cobrança indevida;Respondida;SCM;TELEFONICA BRASIL S.A.;Grande;Vivo;SP
07/04/2022;Reclamação;Atendimento;Atendimento inadequado;Respondida;SCM;EMBRATEL S.A.;Grande;Claro;RS
14/02/2022;Reclamação;Velocidade;Velocidade abaixo do contratado;Respondida;SCM;EMBRATEL S.A.;Grande;Claro;SC
06/09/2023;Reclamação;Velocidade;Velocidade abaixo do contratado;Respondida;SCM;CLARO S.A.;Grande;Claro;MG
03/10/2022;Reclamação;Falha;Falha/Interrupção do serviço;Respondida;SCM;TIM CELULAR;Grande;TIM Group;SP
27/10/2023;Reclamação;Falha;Falha/Interrupção do serviço;Respondida;SCM;Oi S.A.;Grande;Oi;SP
02/12/2023;Reclamação;Velocidade;Velocidade abaixo do contratado;Em Andamento;SCM;CLARO S.A.;Grande;Claro;CE
07/08/2023;Reclamação;Velocidade;Velocidade abaixo do contratado;Respondida;SCM;CLARO S.A.;Grande;Claro;SP
19/11/2022;Reclamação;Falha;Falha/Interrupção do serviço;Respondida;SCM;TELEFONICA BRASIL S.A.;Grande;Vivo;MA
27/04/2022;Reclamação;Cobrança;Cobrança indevida;Respondida;SCM;CLARO S.A.;Grande;Claro;PR
12/11/2023;Reclamação;Atendimento;Atendimento inadequado;Em Andamento;SCM;CLARO S.A.;Grande;Claro;PR
29/01/2023;Reclamação;Velocidade;Velocidade abaixo do contratado;Respondida;SCM;CLARO S.A.;Grande;NÃO INFORMADO;ES
11/06/2023;Reclamação;Velocidade;Velocidade abaixo do contratado;Respondida;SCM;EMBRATEL S.A.;Grande;Claro;RJ
30/07/2023;Reclamação;Velocidade;-;Respondida;SCM;CLARO S.A.;Grande;Claro;PR
09/03/2022;Reclamação;Velocidade;Velocidade abaixo do contratado;Não Respondida;SCM;NET SERVIÇOS DE COMUNICAÇÃO S.A.;Grande;Claro;SP
01/04/2023;Reclamação;Velocidade;Velocidade abaixo do contratado;Respondida;SCM;EMBRATEL S.A.;Grande;Claro;SP
19/08/2023;Reclamação;Cobrança;Cobrança indevida;Em Andamento;SCM;Claro S.A.;Grande;Claro;RS
30/07/2023;Reclamação;Velocidade;Velocidade abaixo do contratado;Respondida;SCM;TIM CELULAR;Grande;TIM Group;MG
17/06/2022;Reclamação;-;Falha/Interrupção do serviço;Respondida;SCM;EMBRATEL S.A.;Grande;Claro;PI
19/02/2022;Reclamação;Cobrança;Cobrança indevida;Respondida;SCM;TELEFONICA BRASIL S.A.;Grande;Vivo;AL
17/11/2022;Reclamação;Cobrança;Cobrança indevida;Não Respondida;SCM;TIM CELULAR;Grande;TIM Group;BA
03/08/2023;Reclamação;Instalação;Prazo de instalação excedido;Respondida;SCM;TELEFONICA BRASIL S.A.;Grande;Vivo;SP
20/07/2023;Reclamação;Cobrança;Cobrança indevida;Respondida;SCM;TIM CELULAR;Grande;TIM Group;SP
04/04/2022;Reclamação;Velocidade;Velocidade abaixo do contratado;Em Andamento;SCM;NET SERVIÇOS DE COMUNICAÇÃO S.A.;Grande;Claro;BA
06/02/2023;Reclamação;Cobrança;Cobrança indevida;Não Respondida;SCM;CLARO S/A;Grande;Claro;MG
19/12/2022;Reclamação;NÃO INFORMADO;Falha/Interrupção do serviço;Respondida;SCM;TIM CELULAR;Grande;TIM Group;RN
03/03/2023;Reclamação;Velocidade;Velocidade abaixo do contratado;Respondida;SCM;CLARO S.A.;Grande;Claro;RS
05/01/2023;Reclamação;Cobrança;Cobrança indevida;Respondida;SCM;TIM CELULAR;Grande;TIM Group;SP
22/12/2023;Reclamação;Falha;Falha/Interrupção do serviço;Respondida;SCM;TELEFONICA BRASIL S.A.;Grande;Vivo;RS
09/09/2023;Reclamação;Velocidade;Velocidade abaixo do contratado;Respondida;SCM;TIM CELULAR;Grande;TIM Group;SP
22/10/2023;Reclamação;Velocidade;Velocidade abaixo do contratado;Não Respondida;SCM;TELEFONICA BRASIL S.A.;Grande;Vivo;MG
10/01/2022;Reclamação;Velocidade;Velocidade abaixo do contratado;Respondida;SCM;CLARO S.A.;Grande;Claro;DF
18/07/2023;Reclamação;Instalação;Prazo de instalação excedido;Respondida;SCM;OI S.A.;Grande;Oi;PR
23/01/2023;Reclamação;Velocidade;Velocidade abaixo do contratado;Respondida;SCM;TELEFONICA BRASIL S.A.;Grande;Vivo;BA
14/05/2023;Reclamação;Cobrança;Cobrança indevida;Respondida;SCM;CLARO S.A.;Grande;Claro;SP
15/11/2023;Reclamação;Velocidade;Velocidade abaixo do contratado;Respondida;SCM;CLARO S.A.;Grande;Claro;CE
03/01/2023;Reclamação;Cobrança;Cobrança indevida;Respondida;SCM;OI S.A.;Grande;Oi;SP
07/04/2022;Reclamação;Velocidade;Velocidade abaixo do contratado;Respondida;SCM;TELEFONICA BRASIL S.A.;Grande;Vivo;GO
30/08/2023;Reclamação;Falha;Falha/Interrupção do serviço;Respondida;SCM;EMBRATEL S.A.;Grande;Claro;PR
22/09/2023;Reclamação;Velocidade;Velocidade abaixo do contratado;Em Andamento;SCM;CLARO S.A.;Grande;Claro;RJ
17/10/2023;Reclamação;Velocidade;Velocidade abaixo do contratado;Não Respondida;SCM;CLARO S.A.;Grande;Claro;MT
09/11/2022;Reclamação;Cobrança;Cobrança indevida;Respondida;SCM;TELEFONICA BRASIL S.A.;Grande;Vivo;RJ
30/03/2022;Reclamação;Atendimento;Atendimento inadequado;Respondida;SCM;OI S.A.;Grande; ;AL
20/01/2022;Reclamação;Contrato;Cancelamento não realizado;Respondida;SCM;OI S.A.;Grande;Oi;SP
25/08/2023;Reclamação;Atendimento;Atendimento inadequado;Em Andamento;SCM;TELEFONICA BRASIL S.A.;Grande;Vivo;RN
05/06/2022;Reclamação;Contrato;Cancelamento não realizado;Em Andamento;SCM;OI S.A.;Grande;Oi;BA
20/06/2022;Reclamação;Velocidade;Velocidade abaixo do contratado;Respondida;SCM;TIM CELULAR;Grande;TIM Group;RJ
13/07/2022;Reclamação;Velocidade;Velocidade abaixo do contratado;Em Andamento;SCM;TIM CELULAR;Grande;TIM Group;DF
21/04/2022;Reclamação;Cobrança;Cobrança indevida;Em Andamento;SCM;CLARO S.A.;Grande;Claro;SP
15/10/2023;Reclamação;Falha;Falha/Interrupção do serviço;Respondida;SCM;TELEFONICA BRASIL S.A.;Grande;Vivo;SP
24/08/2022;Reclamação;Cobrança;Cobrança indevida;Em Andamento;SCM;TIM CELULAR;Grande;TIM Group;SP
27/12/2022;Reclamação;Cobrança;Cobrança indevida;Respondida;SCM;CLARO S/A;Grande;Claro;MG
18/06/2022;Reclamação;Velocidade;Velocidade abaixo do contratado;Não Respondida;SCM;TIM CELULAR;Grande;TIM Group;PB
24/02/2022;Reclamação;Contrato;Cancelamento não realizado;Não Respondida;SCM; ;Grande;Claro;PE
27/12/2022;Reclamação;Falha;Falha/Interrupção do serviço;Em Andamento;SCM;TIM CELULAR;Grande;TIM Group;MG
06/09/2023;Reclamação;Contrato;Cancelamento não realizado;Respondida;SCM;TELEFONICA BRASIL S.A.;Grande;Vivo;SP
07/10/2023;Reclamação;Velocidade;Velocidade abaixo do contratado;Respondida;SCM;CLARO S.A.;Grande;Claro;RJ
27/09/2022;Reclamação;Cobrança;Cobrança indevida;Respondida;SCM;CLARO S.A.;Grande;Claro;MT
30/07/2023;Reclamação;Velocidade;Velocidade abaixo do contratado;Respondida;SCM;OI S.A.;Grande;Oi;MG
28/01/2022;Reclamação;Velocidade;Velocidade abaixo do contratado;Respondida;SCM;EMBRATEL S.A.;Grande;Claro;MG
22/10/2023;Reclamação;Contrato;Cancelamento não realizado;Respondida;SCM;NET SERVIÇOS DE COMUNICAÇÃO S.A.;Grande;Claro;SP
12/03/2023;Reclamação;Velocidade;Velocidade abaixo do contratado;Respondida;SCM;TIM CELULAR;Grande;TIM Group;PE
16/04/2023;Reclamação;Contrato;Cancelamento não realizado;Não Respondida;SCM;TIM CELULAR;Grande;TIM Group;RJ
07/09/2023;Reclamação;Falha;Falha/Interrupção do serviço;Não Respondida;SCM;OI S.A.;Grande;Oi;CE
21/12/2023;Reclamação;Falha;Falha/Interrupção do serviço;Respondida;SCM;TIM CELULAR;Grande;TIM Group;MA
26/10/2022;Reclamação;Velocidade;Velocidade abaixo do contratado;Respondida;SCM;CLARO S.A.;Grande;Claro;PB
01/12/2022;Reclamação;Cobrança;Cobrança indevida;Respondida;SCM;CLARO S.A.;Grande;Claro;RJ
15/08/2022;Reclamação;Contrato;Cancelamento não realizado;Não Respondida;SCM;TELEFONICA BRASIL S.A.;Grande;Vivo;SP
25/10/2022;Reclamação;Velocidade;Velocidade abaixo do contratado;Respondida;SCM;TELEFONICA BRASIL S.A.;Grande;Vivo;DF
05/07/2022;Reclamação;Cobrança;Cobrança indevida;Respondida;SCM;TIM CELULAR;Grande;TIM Group;SP
23/04/2023;Reclamação;Falha;Falha/Interrupção do serviço;Respondida;SCM;EMBRATEL S.A.;Grande;Claro;RJ
17/12/2023;Reclamação;Falha;Falha/Interrupção do serviço;Respondida;SCM;TELEFONICA BRASIL S.A.;Grande;Vivo;MG
29/04/2023;Reclamação;Atendimento;Atendimento inadequado;Respondida;SCM;TELEFONICA BRASIL S.A.;Grande;Vivo;SP
15/07/2022;Reclamação;Velocidade;Velocidade abaixo do contratado;Respondida;SCM;CLARO S.A.;Grande;Claro;MS
25/08/2022;Reclamação;Cobrança;Cobrança indevida;Respondida;SCM;TELEFONICA BRASIL S.A.;Grande;Vivo;SP
07/09/2022;Reclamação;Atendimento;Atendimento inadequado;Em Andamento;SCM;NET SERVIÇOS DE COMUNICAÇÃO S.A.;Grande;Claro;SP
29/06/2022;Reclamação;Falha;Falha/Interrupção do serviço;Respondida;SCM;EMBRATEL S.A.;Grande;Claro;SP
30/01/2023;Reclamação;Falha;Falha/Interrupção do serviço;Respondida;SCM;TELEFONICA BRASIL S.A.;Grande;Vivo;RJ
23/09/2023;Reclamação;Falha;Falha/Interrupção do serviço;Em Andamento;SCM;EMBRATEL S.A.;Grande;Claro;AM
20/12/2023;Reclamação;Outros;Outros;Respondida;SCM;TIM CELULAR;Grande;TIM Group;PI
19/12/2023;Reclamação; ;Cobrança indevida;Não Respondida;SCM;TIM CELULAR;Grande;TIM Group;SP
24/09/2022;Reclamação;Falha;Falha/Interrupção do serviço;Respondida;SCM;TELEFONICA BRASIL S.A.;Grande;Vivo;MG
10/05/2023;Reclamação;Cobrança;Cobrança indevida;Respondida;SCM;TIM CELULAR;Grande;TIM Group;SE
05/08/2022;Reclamação;Atendimento;Atendimento inadequado;Respondida;SCM;CLARO S.A.;Grande;Claro;BA
24/10/2023;Reclamação;Falha;Falha/Interrupção do serviço;Respondida;SCM;Claro S.A.;N/A;Claro;CE
26/12/2023;Reclamação;Velocidade;Velocidade abaixo do contratado;Respondida;SCM;TELEFONICA BRASIL S.A.;Grande;Vivo;CE
29/05/2023;Reclamação;Velocidade;Velocidade abaixo do contratado;Respondida;SCM;OI S.A.;Grande;Oi;SP
12/05/2023;Reclamação;Velocidade;Velocidade abaixo do contratado;Em Andamento;SCM;TIM CELULAR;Grande;TIM Group;MG
10/12/2022;Reclamação;Velocidade;Velocidade abaixo do contratado;Não Respondida;SCM;CLARO S.A.;Grande;Claro;MG
30/05/2023;Reclamação;Contrato;Cancelamento não realizado;Respondida;SCM;TIM CELULAR;Grande;TIM Group;MG
08/05/2023;Reclamação;Cobrança;Cobrança indevida;Respondida;SCM;CLARO S.A.;Grande;Claro;MA
26/01/2023;Reclamação;Cobrança;Cobrança indevida;Respondida;SCM;CLARO S.A.;Grande;Claro;BA
18/11/2022;Reclamação;Cobrança;Cobrança indevida;Respondida;SCM;EMBRATEL S.A.;Grande;Claro;AM
06/09/2023;Reclamação;Atendimento;Atendimento inadequado;Respondida;SCM;TELEFONICA BRASIL S.A.;Grande;Vivo;MG
08/10/2023;Reclamação;Falha;Falha/Interrupção do serviço;Respondida;SCM;TELEFONICA BRASIL S.A.;Grande;Vivo;MS
11/08/2022;Reclamação;Falha;Falha/Interrupção do serviço;Respondida;SCM;CLARO S/A;Grande;Claro;RS
20/11/2023;Reclamação;Atendimento;Atendimento inadequado;Respondida;SCM;NET SERVIÇOS DE COMUNICAÇÃO S.A.;Grande;Claro;SC
20/04/2022;Reclamação;Cobrança;Cobrança indevida;Respondida;SCM;TELEFONICA BRASIL S.A.;Grande;Vivo;SP
18/11/2022;Reclamação;Cobrança;Cobrança indevida;Não Respondida;SCM;OI S.A.;Grande;NÃO INFORMADO;SP
26/04/2022;Reclamação;Cobrança;Cobrança indevida;Respondida;SCM;CLARO S.A.;Grande;Claro;CE
23/03/2023;Reclamação;Cobrança;Cobrança indevida;Respondida;SCM;TELEFONICA BRASIL S.A.;Grande;Vivo;MG
23/09/2023;Reclamação;Falha;Falha/Interrupção do serviço;Respondida;SCM;SERCOMTEL S.A.;Pequeno;Sercomtel;RO
13/01/2023;Reclamação;Velocidade;Velocidade abaixo do contratado;Respondida;SCM;CLARO S.A.;N/A;Claro;RN
20/04/2023;Reclamação;Contrato;Cancelamento não realizado;Respondida;SCM;TIM CELULAR;Grande;TIM Group;PA
10/07/2022;Reclamação;Velocidade;Velocidade abaixo do contratado;Respondida;SCM;CLARO S.A.;-;Claro;SP
26/07/2022;Reclamação;Atendimento;Atendimento inadequado;Em Andamento;SCM;TIM CELULAR;Grande;TIM Group;RO
26/11/2023;Reclamação;Contrato;Cancelamento não realizado;Respondida;SCM;EMBRATEL S.A.;Grande;Claro;AM
03/12/2023;Reclamação;Falha;Falha/Interrupção do serviço;Não Respondida;SCM;NET SERVIÇOS DE COMUNICAÇÃO S.A.;Grande;Claro;MG
25/12/2022;Reclamação;Falha;Falha/Interrupção do serviço;Respondida;SCM;OI S.A.;Grande;Oi;MG
26/08/2022;Reclamação;Falha;Falha/Interrupção do serviço;Respondida;SCM;TIM CELULAR;Grande;TIM Group;BA
07/02/2022;Reclamação;Cobrança;Cobrança indevida;Não Respondida;SCM;TIM CELULAR;Grande;TIM Group;RJ
22/07/2023;Reclamação;Outros;Outros;Respondida;SCM;CLARO S.A.;Grande;Claro;MG
27/11/2023;Reclamação;Cobrança;Cobrança indevida;Respondida;SCM;OI S.A.;Grande;Oi;MG
11/02/2022;Reclamação;Cobrança;Cobrança indevida;Respondida;SCM;EMBRATEL S.A.;Grande;Claro;SE
19/08/2022;Reclamação;Cobrança;Cobrança indevida;Respondida;SCM;CLARO S.A.;Grande;Claro;PE
18/06/2022;Reclamação;Contrato;Cancelamento não realizado;Em Andamento;SCM;TELEFONICA BRASIL S.A.;Grande;Vivo;BA
12/11/2023;Reclamação;Cobrança;Cobrança indevida;Em Andamento;SCM;CLARO S/A;Grande;Claro;RJ
20/05/2022;Reclamação;Velocidade;Velocidade abaixo do contratado;Respondida;SCM;CLARO S.A.;Grande;Claro;SC
08/05/2023;Reclamação;Velocidade;Velocidade abaixo do contratado;Não Respondida;SCM;TIM CELULAR;Grande;TIM Group;PE
09/08/2023;Reclamação;Velocidade;Velocidade abaixo do contratado;Respondida;SCM;TIM CELULAR;Grande;TIM Group;BA
19/05/2022;Reclamação;Velocidade;Velocidade abaixo do contratado;Não Respondida;SCM;TELEFONICA BRASIL S.A.;Grande;Vivo;RJ
31/01/2023;Reclamação;Falha;Falha/Interrupção do serviço;Respondida;SCM;TIM CELULAR;Grande;TIM Group;MG
21/09/2023;Reclamação;Velocidade;Velocidade abaixo do contratado;Respondida;SCM;TELEFONICA BRASIL S.A.;Grande;Vivo;AL
03/04/2022;Reclamação;Atendimento;Atendimento inadequado;Não Respondida;SCM;CLARO S.A.;Grande;Claro;MT
24/02/2022;Reclamação;Atendimento;Atendimento inadequado;Respondida;SCM;OI S.A.;Grande;Oi;PE
11/02/2023;Reclamação;Instalação;Prazo de instalação excedido;Respondida;SCM;TELEFONICA BRASIL S.A.;Grande;Vivo;MS
21/05/2022;Reclamação;Velocidade;Velocidade abaixo do contratado;Não Respondida;SCM;OI S.A.;Grande;Oi;SP
21/02/2023;Reclamação;Cobrança;Cobrança indevida;Respondida;SCM;OI S.A.;Grande;Oi;SP
21/06/2022;Reclamação;Cobrança;Cobrança indevida;Respondida;SCM;TIM CELULAR;Grande;TIM Group;RJ
12/08/2023;Reclamação;Cobrança;Cobrança indevida;Em Andamento;SCM;TELEFONICA BRASIL S.A.;Grande;Vivo;PE
10/08/2022;Reclamação;Cobrança;NÃO INFORMADO;Respondida;SCM;TELEFONICA BRASIL S.A.;Grande;Vivo;SP
03/04/2023;Reclamação;Velocidade;Velocidade abaixo do contratado;Respondida;SCM;TIM CELULAR;Grande;TIM Group;BA
22/08/2022;Reclamação;Velocidade;Velocidade abaixo do contratado;Em Andamento;SCM;Telefonica Brasil S.A.;Grande;Vivo;RN
12/08/2023;Reclamação; ;Falha/Interrupção do serviço;Em Andamento;SCM;TIM CELULAR;Grande;TIM Group;RJ
14/04/2023;Reclamação;Velocidade;Velocidade abaixo do contratado;Respondida;SCM;CLARO S/A;Grande;Claro;RJ
29/07/2023;Reclamação;Velocidade;Velocidade abaixo do contratado;Respondida;SCM;NET SERVIÇOS DE COMUNICAÇÃO S.A.;Grande;Claro;PR
15/12/2023;Reclamação;Outros;Outros;Em Andamento;SCM;CLARO S.A.;Grande;Claro;PR
08/07/2022;Reclamação;Instalação;Prazo de instalação excedido;Em Andamento;SCM;TELEFONICA BRASIL S.A.;Grande;Vivo;CE
13/06/2023;Reclamação;Velocidade;Velocidade abaixo do contratado;Em Andamento;SCM;CLARO S/A;Grande;Claro;MA
24/10/2023;Reclamação;Velocidade;Velocidade abaixo do contratado;Respondida;SCM;TELEFONICA BRASIL S.A.;Grande;Vivo;BA
14/09/2023;Reclamação;Outros;Outros;Respondida;SCM;CLARO S.A.;Grande;Claro;PR
31/07/2023;Reclamação;Velocidade;Velocidade abaixo do contratado;Respondida;SCM;TIM CELULAR;Grande;TIM Group;MT
20/05/2022;Reclamação;Falha;Falha/Interrupção do serviço;Respondida;SCM;CLARO S.A.;Grande;Claro;SP
13/05/2022;Reclamação;Falha;Falha/Interrupção do serviço;Respondida;SCM; ;Grande;Claro;MG
17/11/2022;Reclamação;Velocidade;Velocidade abaixo do contratado;Respondida;SCM;TELEFONICA BRASIL S.A.;Grande;Vivo;RJ
23/04/2022;Reclamação;Falha;Falha/Interrupção do serviço;Em Andamento;SCM;TELEFONICA BRASIL S.A.;Grande;Vivo;SP
15/11/2022;Reclamação;Velocidade;Velocidade abaixo do contratado;Não Respondida;SCM;TIM CELULAR;Grande;TIM Group;RJ
07/09/2023;Reclamação;Falha;Falha/Interrupção do serviço;Respondida;SCM;EMBRATEL S.A.;Grande;Claro;AM
01/05/2022;Reclamação;Contrato;Cancelamento não realizado;Respondida;SCM;SERCOMTEL S.A.;Pequeno;Sercomtel;SC
28/09/2022;Reclamação;Atendimento;Atendimento inadequado;Respondida;SCM;EMBRATEL S.A.;Grande;Claro;SP
06/05/2023;Reclamação;Instalação;Prazo de instalação excedido;Respondida;SCM;TELEFONICA BRASIL S.A.;Grande;Vivo;BA
18/07/2023;Reclamação;Cobrança;Cobrança indevida;Respondida;SCM;CLARO S/A;Grande;Claro;RJ
12/03/2022;Reclamação;Contrato;Cancelamento não realizado;Respondida;SCM;TIM CELULAR;Grande;TIM Group;MA
12/10/2022;Reclamação;Falha;Falha/Interrupção do serviço;Respondida;SCM;CLARO S.A.;Grande;Claro;SC
27/07/2023;Reclamação;Velocidade;Velocidade abaixo do contratado;Respondida;SCM;CLARO S.A.;Grande;Claro;SP
05/02/2022;Reclamação;Velocidade;Velocidade abaixo do contratado;Respondida;SCM;CLARO S.A.;Grande;Claro;SP
17/08/2023;Reclamação;Falha;Falha/Interrupção do serviço;Respondida;SCM;CLARO S.A.;Grande;Claro;SP
21/07/2023;Reclamação;Velocidade;Velocidade abaixo do contratado;Respondida;SCM;CLARO S.A.;Grande;Claro;SP
30/05/2022;Reclamação;Falha;Falha/Interrupção do serviço;Respondida;SCM;CLARO S/A;Grande;Claro;MG
30/04/2023;Reclamação;Falha;Falha/Interrupção do serviço;Não Respondida;SCM;TELEFONICA BRASIL S.A.;Grande;Vivo;PR
31/07/2022;Reclamação;Cobrança;Cobrança indevida;Respondida;SCM;CLARO S.A.;Grande;Claro;GO
15/02/2023;Reclamação;Atendimento;Atendimento inadequado;Respondida;SCM;CLARO S/A;Grande;Claro;CE
06/12/2023;Reclamação;Velocidade;Velocidade abaixo do contratado;Respondida;SCM;CLARO S.A.;Grande;Claro;RJ
04/12/2023;Reclamação;Cobrança;Cobrança indevida;Não Respondida;SCM;Embratel S.A.;Grande;Claro;MT
25/09/2023;Reclamação;Velocidade;Velocidade abaixo do contratado;Respondida;SCM;TIM CELULAR;Grande;TIM Group;RJ
18/01/2023;Reclamação;Falha;Falha/Interrupção do serviço;Respondida;SCM;EMBRATEL S.A.;Grande;Claro;PB
05/08/2022;Reclamação;Velocidade;Velocidade abaixo do contratado;Respondida;SCM;CLARO S.A.;Grande;Claro;MA
14/10/2023;Reclamação;Falha;Falha/Interrupção do serviço;Respondida;SCM;EMBRATEL S.A.;Grande;Claro;RS
02/10/2022;Reclamação;Cobrança;Cobrança indevida;Respondida;SCM;Claro S.A.;Grande;Claro;PI
02/07/2022;Reclamação;Contrato;Cancelamento não realizado;Respondida;SCM;OI S.A.;Grande;Oi;RJ
19/03/2022;Reclamação;Cobrança;Cobrança indevida;Respondida;SCM;EMBRATEL S.A.;Grande;Claro;BA
06/11/2022;Reclamação;Atendimento;Atendimento inadequado;Respondida;SCM;Oi S.A.;Grande;Oi;AM
15/02/2022;Reclamação;Velocidade;Velocidade abaixo do contratado;Respondida;SCM;TELEFONICA BRASIL S.A.;Grande;Vivo;PE
21/07/2022;Reclamação;Velocidade;Velocidade abaixo do contratado;Respondida;SCM;TELEFONICA BRASIL S.A.;Grande;Vivo;MA
05/05/2022;Reclamação;Falha;Falha/Interrupção do serviço;Respondida;SCM;EMBRATEL S.A.;Grande;Claro;RJ
21/12/2023;Reclamação;Cobrança;Cobrança indevida;Em Andamento;SCM;CLARO S.A.;Grande;Claro;PR
08/08/2023;Reclamação;Velocidade;Velocidade abaixo do contratado;Respondida;SCM;TELEFONICA BRASIL S.A.;Grande;Vivo;SP
30/01/2022;Reclamação;Velocidade;Velocidade abaixo do contratado;Respondida;SCM;CLARO S/A;Grande;Claro;RJ
17/01/2023;Reclamação;Velocidade;Velocidade abaixo do contratado;Respondida;SCM;CLARO S.A.;Grande;Claro;PR
02/03/2022;Reclamação; ;Cancelamento não realizado;Respondida;SCM;SERCOMTEL S.A.;Pequeno;Sercomtel;AM
02/04/2022;Reclamação;Falha;Falha/Interrupção do serviço;Respondida;SCM;TIM CELULAR;Grande;TIM Group;RJ
29/11/2023;Reclamação;Falha;Falha/Interrupção do serviço;Respondida;SCM;Claro S.A.;Grande;Claro;DF
28/03/2022;Reclamação;Velocidade;Velocidade abaixo do contratado;Respondida;SCM;Telefonica Brasil S.A.;Grande;Vivo;SC
25/03/2022;Reclamação;Cobrança;Cobrança indevida;Respondida;SCM;OI S.A.;Grande;Oi;MS
26/05/2023;Reclamação;-;Prazo de instalação excedido;Respondida;SCM;TELEFONICA BRASIL S.A.;Grande;Vivo;CE
03/02/2022;Reclamação;Velocidade;Velocidade abaixo do contratado;Não Respondida;SCM;TIM CELULAR;Grande;TIM Group;CE
14/11/2022;Reclamação;Velocidade;Velocidade abaixo do contratado;Respondida;SCM;TIM CELULAR;Grande;TIM Group;CE
24/03/2023;Reclamação;Velocidade;Velocidade abaixo do contratado;Não Respondida;SCM;EMBRATEL S.A.;Grande;Claro;BA
27/03/2023;Reclamação;Falha;Falha/Interrupção do serviço;Respondida;SCM; ;Grande;Claro;RJ
10/06/2022;Reclamação;Cobrança;Cobrança indevida;Respondida;SCM;EMBRATEL S.A.;Grande;Claro;CE
17/05/2023;Reclamação;Cobrança;Cobrança indevida;Respondida;SCM;TIM CELULAR;Grande;TIM Group;RN
05/05/2022;Reclamação;Falha;Falha/Interrupção do serviço;Não Respondida;SCM;CLARO S.A.;Grande;Claro;MG
03/05/2023;Reclamação;Contrato;Cancelamento não realizado;Não Respondida;SCM;TIM CELULAR;Grande;TIM Group;MG
06/03/2023;Reclamação;Cobrança;Cobrança indevida;Respondida;SCM;CLARO S.A.;Grande;Claro;SP
19/12/2023;Reclamação;N/A;Falha/Interrupção do serviço;Não Respondida;SCM;EMBRATEL S.A.;Grande;Claro;DF
01/05/2023;Reclamação;Falha;Falha/Interrupção do serviço;Respondida;SCM;TIM CELULAR;Grande;TIM Group;GO
05/02/2022;Reclamação;Falha;Falha/Interrupção do serviço;Respondida;SCM;CLARO S.A.;Grande;Claro;BA
02/04/2022;Reclamação;Outros;Outros;Respondida;SCM;EMBRATEL S.A.;Grande;Claro;BA
19/09/2023;Reclamação;Velocidade;Velocidade abaixo do contratado;Respondida;SCM;OI S.A.;Grande;Oi;SP
06/09/2022;Reclamação;Outros;Outros;Em Andamento;SCM;TELEFONICA BRASIL S.A.;Grande;Vivo;SP
08/10/2022;Reclamação;Outros;Outros;Não Respondida;SCM;CLARO S.A.;Grande;Claro;TO
22/03/2023;Reclamação;Instalação;Prazo de instalação excedido;Respondida;SCM;CLARO S/A;Grande;Claro;MG
26/09/2023;Reclamação;Falha;Falha/Interrupção do serviço;Respondida;SCM;CLARO S/A;Grande;Claro;DF
17/09/2022;Reclamação;Contrato;Cancelamento não realizado;Não Respondida;SCM;TELEFONICA BRASIL S.A.;Grande;Vivo;DF
18/04/2022;Reclamação;Cobrança;Cobrança indevida;Respondida;SCM;TELEFONICA BRASIL S.A.;Grande;Vivo;PA
06/07/2023;Reclamação;Velocidade;Velocidade abaixo do contratado;Não Respondida;SCM;TIM CELULAR;Grande;TIM Group;PR
10/01/2022;Reclamação;Falha;Falha/Interrupção do serviço;Respondida;SCM;TELEFONICA BRASIL S.A.;Grande;Vivo;BA
26/01/2022;Reclamação; ;Velocidade abaixo do contratado;Não Respondida;SCM;CLARO S/A;Grande;Claro;ES
01/05/2023;Reclamação;Falha;Falha/Interrupção do serviço;Respondida;SCM;CLARO S.A.;Grande;Claro;MG
10/02/2022;Reclamação;Instalação;Prazo de instalação excedido;Respondida;SCM;TELEFONICA BRASIL S.A.;Grande;Vivo;PR
21/02/2022;Reclamação;Velocidade;Velocidade abaixo do contratado;Não Respondida;SCM;OI S.A.;Grande;Oi;PR
04/01/2022;Reclamação;Falha;Falha/Interrupção do serviço;Respondida;SCM;EMBRATEL S.A.;Grande;Claro;RJ
09/03/2022;Reclamação;Cobrança;Cobrança indevida;Respondida;SCM;CLARO S.A.;Grande;Claro;DF
23/12/2022;Reclamação;Instalação;Prazo de instalação excedido;Em Andamento;SCM;CLARO S.A.;Grande;Claro;MS
24/03/2022;Reclamação;Falha;Falha/Interrupção do serviço;Respondida;SCM;CLARO S.A.;Grande;Claro;RJ
25/06/2023;Reclamação;Velocidade;Velocidade abaixo do contratado;Não Respondida;SCM;TIM CELULAR;Grande;TIM Group;MA
05/01/2023;Reclamação;Cobrança;Cobrança indevida;Respondida;SCM;TIM CELULAR;Grande;TIM Group;SP
14/04/2023;Reclamação;Falha;Falha/Interrupção do serviço;Respondida;SCM;NET SERVIÇOS DE COMUNICAÇÃO S.A.;Grande;Claro;AM
01/02/2023;Reclamação;Falha;Falha/Interrupção do serviço;Respondida;SCM;TELEFONICA BRASIL S.A.;Grande;Vivo;MS
27/09/2023;Reclamação;Falha;Falha/Interrupção do serviço;Em Andamento;SCM;TIM CELULAR;Grande;TIM Group;RS
06/09/2022;Reclamação;Velocidade;Velocidade abaixo do contratado;Respondida;SCM;TIM CELULAR;Grande;TIM Group;RS
23/05/2022;Reclamação;Velocidade;Velocidade abaixo do contratado;Não Respondida;SCM;TELEFONICA BRASIL S.A.;Grande;Vivo;MG
13/02/2023;Reclamação;Atendimento;Atendimento inadequado;Respondida;SCM;CLARO S.A.;Grande;Claro;PA
05/02/2022;Reclamação;Falha;Falha/Interrupção do serviço;Em Andamento;SCM;NET SERVIÇOS DE COMUNICAÇÃO S.A.;Grande;Claro;RJ
19/06/2023;Reclamação;Velocidade;Velocidade abaixo do contratado;Respondida;SCM;TIM CELULAR;Grande;TIM Group;ES
07/08/2023;Reclamação;Cobrança;Cobrança indevida;Respondida;SCM;OI S.A.;Grande;Oi;AL
05/06/2023;Reclamação;Atendimento;Atendimento inadequado;Respondida;SCM;Claro S.A.;Grande;Claro;RS
25/01/2022;Reclamação;Cobrança;Cobrança indevida;Não Respondida;SCM;TIM CELULAR;Grande;TIM Group;AL
15/03/2023;Reclamação;Velocidade;Velocidade abaixo do contratado;Respondida;SCM;TELEFONICA BRASIL S.A.;Grande;Vivo;CE
15/05/2022;Reclamação;Contrato;Cancelamento não realizado;Em Andamento;SCM;CLARO S.A.;Grande;Claro;RJ
30/01/2023;Reclamação;Cobrança;Cobrança indevida;Respondida;SCM;TIM CELULAR;Grande;TIM Group;PE
19/05/2022;Reclamação;Falha;Falha/Interrupção do serviço;Respondida;SCM;OI S.A.;Grande;Oi;RJ
09/06/2022;Reclamação;Velocidade;N/A;Respondida;SCM;CLARO S.A.; ;Claro;SP
22/02/2023;Reclamação;Cobrança;Cobrança indevida;Respondida;SCM;OI S.A.;N/A;Oi;RS
03/04/2023;Reclamação;N/A;Falha/Interrupção do serviço;Em Andamento;SCM;CLARO S.A.;Grande; ;PA
01/09/2022;Reclamação;Contrato;Cancelamento não realizado;Respondida;SCM;TELEFONICA BRASIL S.A.;Grande;Vivo;GO
03/08/2022;Reclamação;Atendimento;Atendimento inadequado;Respondida;SCM;TIM CELULAR;Grande;TIM Group;RJ
25/05/2022;Reclamação;Falha;Falha/Interrupção do serviço;Não Respondida;SCM;CLARO S.A.;Grande;Claro;PE
27/06/2022;Reclamação;Cobrança;Cobrança indevida;Respondida;SCM;CLARO S/A;Grande;Claro;CE
31/01/2023;Reclamação;Cobrança;Cobrança indevida;Respondida;SCM;CLARO S.A.;Grande;Claro;PR
01/06/2023;Reclamação;Cobrança;Cobrança indevida;Não Respondida;SCM;TIM CELULAR;Grande;TIM Group;SP
03/12/2023;Reclamação;Instalação;Prazo de instalação excedido;Respondida;SCM;TELEFONICA BRASIL S.A.;Grande;Vivo;RJ
09/03/2023;Reclamação;Atendimento;Atendimento inadequado;Não Respondida;SCM;TELEFONICA BRASIL S.A.;Grande;Vivo;ES
28/01/2022;Reclamação;Contrato;-;Respondida;SCM;TELEFONICA BRASIL S.A.;Grande;Vivo;SP
17/04/2022;Reclamação;Velocidade;Velocidade abaixo do contratado;Respondida;SCM;TELEFONICA BRASIL S.A.;Grande;Vivo;PR
08/12/2022;Reclamação;Velocidade;Velocidade abaixo do contratado;Respondida;SCM;TELEFONICA BRASIL S.A.;Grande;Vivo;PB
07/06/2022;Reclamação;Atendimento;Atendimento inadequado;Respondida;SCM;CLARO S/A;Grande;Claro;BA
05/01/2023;Reclamação;Velocidade;Velocidade abaixo do contratado;Em Andamento;SCM;EMBRATEL S.A.;Grande;Claro;RN
28/11/2022;Reclamação;Velocidade;Velocidade abaixo do contratado;Não Respondida;SCM;OI S.A.;Grande;Oi;MG
18/07/2023;Reclamação;Cobrança;Cobrança indevida;Respondida;SCM;NET SERVIÇOS DE COMUNICAÇÃO S.A.;Grande;Claro;SP
14/04/2023;Reclamação;Cobrança;Cobrança indevida;Respondida;SCM;CLARO S.A.;Grande;Claro;SP
11/03/2023;Reclamação;Atendimento;Atendimento inadequado;Não Respondida;SCM;TIM CELULAR;Grande;TIM Group;AL
09/04/2023;Reclamação;Cobrança;Cobrança indevida;Respondida;SCM;CLARO S/A;Grande;Claro;MG
19/01/2022;Reclamação;Velocidade;Velocidade abaixo do contratado;Respondida;SCM;EMBRATEL S.A.;Grande;Claro;RJ
06/11/2023;Reclamação;Velocidade;Velocidade abaixo do contratado;Não Respondida;SCM;CLARO S.A.;Grande;Claro;RJ
13/02/2022;Reclamação;Cobrança;Cobrança indevida;Respondida;SCM;CLARO S.A.;Grande;Claro;GO
09/10/2022;Reclamação;Velocidade;Velocidade abaixo do contratado;Respondida;SCM;TELEFONICA BRASIL S.A.;Grande;Vivo;SP
30/03/2022;Reclamação;Cobrança;Cobrança indevida;Respondida;SCM;CLARO S/A;Grande;Claro;MG
12/10/2022;Reclamação;Velocidade;Velocidade abaixo do contratado;Respondida;SCM;CLARO S.A.;Grande;Claro;RS
26/10/2022;Reclamação;Contrato;Cancelamento não realizado;Respondida;SCM;TELEFONICA BRASIL S.A.;Grande;Vivo;SP
25/01/2023;Reclamação;Falha;Falha/Interrupção do serviço;Não Respondida;SCM;TELEFONICA BRASIL S.A.;Grande;NÃO INFORMADO;RS
14/04/2022;Reclamação;Outros;Outros;Respondida;SCM;TELEFONICA BRASIL S.A.;Grande;Vivo;MS
22/07/2023;Reclamação;Velocidade;Velocidade abaixo do contratado;Não Respondida;SCM;EMBRATEL S.A.;Grande;Claro;SP
17/07/2023;Reclamação;Velocidade;Velocidade abaixo do contratado;Respondida;SCM;CLARO S.A.;Grande;Claro;RS
17/01/2023;Reclamação;Falha;Falha/Interrupção do serviço;Não Respondida;SCM;TELEFONICA BRASIL S.A.;Grande;Vivo;PA
13/11/2023;Reclamação;Velocidade;Velocidade abaixo do contratado;Respondida;SCM;CLARO S.A.;Grande;Claro;SP
22/09/2023;Reclamação;Falha;Falha/Interrupção do serviço;Respondida;SCM;CLARO S.A.;Grande;Claro;BA
03/02/2023;Reclamação;Cobrança;Cobrança indevida;Respondida;SCM;OI S.A.;Grande;Oi;SP
26/08/2023;Reclamação;Falha;Falha/Interrupção do serviço;Respondida;SCM;CLARO S.A.;Grande;Claro;PE
17/10/2022;Reclamação;Velocidade;Velocidade abaixo do contratado;Em Andamento;SCM;CLARO S.A.;Grande;Claro;SP
18/10/2023;Reclamação;Instalação;NÃO INFORMADO;Não Respondida;SCM;TIM CELULAR;Grande;TIM Group;PE
14/10/2023;Reclamação;Velocidade;Velocidade abaixo do contratado;Respondida;SCM;CLARO S.A.;Grande;Claro;MG
30/08/2022;Reclamação;Atendimento;Atendimento inadequado;Não Respondida;SCM;EMBRATEL S.A.;Grande;Claro;PA
20/02/2022;Reclamação;Velocidade;Velocidade abaixo do contratado;Respondida;SCM;Oi S.A.;Grande;Oi;RS
06/11/2023;Reclamação;Instalação;Prazo de instalação excedido;Respondida;SCM;TELEFONICA BRASIL S.A.;Grande;Vivo;SP
22/02/2022;Reclamação;Velocidade;Velocidade abaixo do contratado;Respondida;SCM;TIM CELULAR;Grande;TIM Group;SP
12/02/2022;Reclamação;Falha;Falha/Interrupção do serviço;Respondida;SCM;CLARO S.A.;Grande;Claro;MG
04/09/2023;Reclamação;Velocidade;Velocidade abaixo do contratado;Não Respondida;SCM;NET SERVIÇOS DE COMUNICAÇÃO S.A.;Grande;-;SP
10/05/2022;Reclamação;Atendimento;-;Respondida;SCM;TELEFONICA BRASIL S.A.;Grande;Vivo;SP
26/09/2023;Reclamação;Contrato;Cancelamento não realizado;Respondida;SCM;NET SERVIÇOS DE COMUNICAÇÃO S.A.;Grande;Claro;RS
21/03/2022;Reclamação;Falha;Falha/Interrupção do serviço;Em Andamento;SCM;Net Serviços De Comunicação S.A.;Grande;Claro;MG
16/05/2022;Reclamação;Contrato;Cancelamento não realizado;Respondida;SCM;OI S.A.;Grande;Oi;PE
30/05/2022;Reclamação;Falha;Falha/Interrupção do serviço;Respondida;SCM;TELEFONICA BRASIL S.A.;Grande;Vivo;RJ
17/10/2022;Reclamação;Velocidade;Velocidade abaixo do contratado;Não Respondida;SCM;TIM CELULAR;Grande;TIM Group;RS
17/11/2023;Reclamação;Falha;Falha/Interrupção do serviço;Respondida;SCM;CLARO S.A.;Grande;Claro;SP
26/09/2022;Reclamação;Atendimento;Atendimento inadequado;Respondida;SCM;NET SERVIÇOS DE COMUNICAÇÃO S.A.;Grande;Claro;DF
26/03/2023;Reclamação; ;Velocidade abaixo do contratado;Respondida;SCM;CLARO S.A.;Grande;Claro;SP
15/12/2023;Reclamação;Falha;N/A;Não Respondida;SCM;OI S.A.;Grande;Oi;PR
04/07/2023;Reclamação;Velocidade;Velocidade abaixo do contratado;Respondida;SCM;CLARO S.A.;Grande;Claro;ES
09/04/2022;Reclamação;Velocidade;Velocidade abaixo do contratado;Respondida;SCM;CLARO S.A.;Grande;Claro;RJ
04/09/2022;Reclamação;Velocidade;Velocidade abaixo do contratado;Respondida;SCM;TIM CELULAR;Grande;TIM Group;SP
08/03/2023;Reclamação;Velocidade;Velocidade abaixo do contratado;Respondida;SCM;CLARO S.A.;Grande;Claro;RS
12/02/2023;Reclamação;Cobrança;Cobrança indevida;Respondida;SCM;TIM CELULAR;Grande;TIM Group;SC
13/11/2022;Reclamação;Cobrança;Cobrança indevida;Respondida;SCM;CLARO S.A.;Grande; ;BA
27/09/2023;Reclamação;Velocidade;Velocidade abaixo do contratado;Respondida;SCM;TELEFONICA BRASIL S.A.;Grande;Vivo;MG
05/02/2022;Reclamação;Velocidade;Velocidade abaixo do contratado;Em Andamento;SCM;CLARO S/A;Grande;Claro;AM
16/03/2023;Reclamação;Cobrança;Cobrança indevida;Respondida;SCM;CLARO S.A.;Grande;Claro;MA
04/03/2022;Reclamação;Velocidade;Velocidade abaixo do contratado;Respondida;SCM;Telefonica Brasil S.A.;Grande;N/A;MT
22/05/2022;Reclamação;Contrato;Cancelamento não realizado;Respondida;SCM;EMBRATEL S.A.;Grande;Claro;TO
20/12/2022;Reclamação;Falha;Falha/Interrupção do serviço;Respondida;SCM;CLARO S.A.;Grande;Claro;RO
21/01/2022;Reclamação;Velocidade;Velocidade abaixo do contratado;Não Respondida;SCM;CLARO S.A.;Grande;Claro;RJ
04/07/2023;Reclamação;Velocidade;Velocidade abaixo do contratado;Respondida;SCM;CLARO S.A.;Grande;Claro;ES
29/06/2022;Reclamação;Atendimento;Atendimento inadequado;Respondida;SCM;TELEFONICA BRASIL S.A.;Grande;Vivo;RJ
21/11/2023;Reclamação;Falha;Falha/Interrupção do serviço;Respondida;SCM;CLARO S/A;Grande;Claro;MT
23/05/2022;Reclamação;Falha;Falha/Interrupção do serviço;Respondida;SCM;TELEFONICA BRASIL S.A.;Grande;Vivo;BA
30/07/2022;Reclamação;Velocidade;Velocidade abaixo do contratado;Em Andamento;SCM;TIM CELULAR;Grande;TIM Group;CE
22/02/2022;Reclamação;Velocidade;Velocidade abaixo do contratado;Respondida;SCM;TIM CELULAR;Grande;TIM Group;MG
13/01/2023;Reclamação;Falha;Falha/Interrupção do serviço;Não Respondida;SCM;OI S.A.;Grande;NÃO INFORMADO;RJ
17/02/2022;Reclamação;Cobrança;Cobrança indevida;Respondida;SCM;CLARO S/A;Grande;Claro;RS
10/06/2022;Reclamação;Velocidade;Velocidade abaixo do contratado;Respondida;SCM;TIM CELULAR;Grande;TIM Group;SP
09/08/2023;Reclamação;Velocidade;Velocidade abaixo do contratado;Respondida;SCM;OI S.A.;Grande;Oi;RJ
07/01/2023;Reclamação;Velocidade;Velocidade abaixo do contratado;Não Respondida;SCM;NET SERVIÇOS DE COMUNICAÇÃO S.A.;Grande;Claro;SP
12/11/2022;Reclamação;Velocidade;Velocidade abaixo do contratado;Não Respondida;SCM;CLARO S.A.;Grande;Claro;GO
25/01/2023;Reclamação;Contrato;Cancelamento não realizado;Respondida;SCM;Claro S.A.;Grande;Claro;RJ
10/02/2022;Reclamação;Falha;Falha/Interrupção do serviço;Não Respondida;SCM;CLARO S.A.;Grande;Claro;DF
06/02/2023;Reclamação;Falha;Falha/Interrupção do serviço;Não Respondida;SCM;NET SERVIÇOS DE COMUNICAÇÃO S.A.;Grande;Claro;PB
26/10/2023;Reclamação;Cobrança;Cobrança indevida;Respondida;SCM;TELEFONICA BRASIL S.A.;Grande;Vivo;MG
07/10/2022;Reclamação;Contrato;Cancelamento não realizado;Em Andamento;SCM;NET SERVIÇOS DE COMUNICAÇÃO S.A.;Grande;Claro;RO
02/11/2023;Reclamação;Velocidade;Velocidade abaixo do contratado;Respondida;SCM;TELEFONICA BRASIL S.A.;Grande;Vivo;SP
05/06/2022;Reclamação;Velocidade;Velocidade abaixo do contratado;Respondida;SCM;Tim Celular;Grande;TIM Group;RJ
11/04/2023;Reclamação;Velocidade;Velocidade abaixo do contratado;Respondida;SCM;TIM CELULAR;Grande;TIM Group;SP
22/04/2023;Reclamação;Falha; ;Respondida;SCM;CLARO S.A.;Grande;Claro;SP
14/12/2023;Reclamação;Velocidade;Velocidade abaixo do contratado;Não Respondida;SCM;TELEFONICA BRASIL S.A.;Grande;Vivo;GO
11/09/2023;Reclamação;Velocidade;Velocidade abaixo do contratado;Não Respondida;SCM;OI S.A.;Grande; ;SP
03/11/2023;Reclamação;Velocidade;Velocidade abaixo do contratado;Não Respondida;SCM;TELEFONICA BRASIL S.A.;Grande;Vivo;RJ
28/07/2022;Reclamação;Velocidade; ;Respondida;SCM;OI S.A.;Grande;Oi;RJ
19/08/2022;Reclamação;Falha;Falha/Interrupção do serviço;Respondida;SCM;TELEFONICA BRASIL S.A.;Grande;Vivo;SP
07/03/2023;Reclamação;Velocidade;Velocidade abaixo do contratado;Não Respondida;SCM;TIM CELULAR;Grande;TIM Group;RJ
14/09/2022;Reclamação;Cobrança;Cobrança indevida;Respondida;SCM;TIM CELULAR;Grande;TIM Group;SP
09/06/2023;Reclamação;Falha;Falha/Interrupção do serviço;Respondida;SCM;CLARO S.A.;Grande;Claro;BA
01/07/2022;Reclamação;Velocidade;Velocidade abaixo do contratado;Respondida;SCM;TELEFONICA BRASIL S.A.;Grande;Vivo;MS
21/03/2023;Reclamação;Cobrança;Cobrança indevida;Respondida;SCM;EMBRATEL S.A.;Grande;Claro;BA
21/09/2023;Reclamação;Falha;Falha/Interrupção do serviço;Respondida;SCM;N/A;Grande;TIM Group;SP
24/12/2023;Reclamação;Falha;Falha/Interrupção do serviço;Respondida;SCM;Claro S.A.;Grande;Claro;MT
22/01/2023;Reclamação;Velocidade;Velocidade abaixo do contratado;Respondida;SCM;TIM CELULAR;Grande; ;SP
14/10/2023;Reclamação;Velocidade;Velocidade abaixo do contratado;Respondida;SCM;CLARO S.A.;Grande;Claro;MG
26/05/2023;Reclamação;Falha;Falha/Interrupção do serviço;Respondida;SCM;TELEFONICA BRASIL S.A.;Grande;Vivo;MA
01/03/2022;Reclamação;Atendimento;Atendimento inadequado;Não Respondida;SCM;TIM CELULAR;Grande;TIM Group;RN
24/06/2022;Reclamação;Atendimento;Atendimento inadequado;Respondida;SCM;CLARO S/A;Grande;Claro;PE
25/02/2023;Reclamação;Falha;Falha/Interrupção do serviço;Respondida;SCM;OI S.A.;Grande;Oi;PA
19/04/2022;Reclamação;Contrato;Cancelamento não realizado;Respondida;SCM;NET SERVIÇOS DE COMUNICAÇÃO S.A.;Grande;Claro;RJ
18/04/2022;Reclamação;Velocidade;Velocidade abaixo do contratado;Respondida;SCM;TIM CELULAR;Grande;TIM Group;CE
13/12/2023;Reclamação;Contrato;Cancelamento não realizado;Não Respondida;SCM;OI S.A.;Grande;Oi;SP
31/03/2022;Reclamação;Cobrança;Cobrança indevida;Respondida;SCM;TELEFONICA BRASIL S.A.;Grande;Vivo;PB
20/06/2022;Reclamação;Atendimento;Atendimento inadequado;Não Respondida;SCM;EMBRATEL S.A.;Grande;Claro;RS
04/01/2023;Reclamação;Contrato;Cancelamento não realizado;Respondida;SCM;Tim Celular;Grande;TIM Group;SP
25/03/2023;Reclamação;Cobrança;Cobrança indevida;Respondida;SCM;TELEFONICA BRASIL S.A.;Grande;Vivo;SP
01/10/2022;Reclamação;Velocidade;Velocidade abaixo do contratado;Respondida;SCM;CLARO S/A;Grande;Claro;BA
02/04/2023;Reclamação;Velocidade;Velocidade abaixo do contratado;Respondida;SCM;TELEFONICA BRASIL S.A.;Grande;Vivo;SP
22/03/2022;Reclamação;Velocidade;Velocidade abaixo do contratado;Respondida;SCM;CLARO S.A.;Grande;Claro;PE
10/09/2022;Reclamação;Velocidade;Velocidade abaixo do contratado;Não Respondida;SCM;TELEFONICA BRASIL S.A.;Grande;Vivo;MS
05/02/2022;Reclamação;Cobrança;Cobrança indevida;Respondida;SCM;Oi S.A.;Grande;Oi;SP
08/12/2023;Reclamação;Velocidade;Velocidade abaixo do contratado;Respondida;SCM;OI S.A.;Grande;Oi;SP
16/05/2023;Reclamação;Falha;Falha/Interrupção do serviço;Não Respondida;SCM;OI S.A.;Grande;Oi;BA
26/12/2023;Reclamação;Velocidade;Velocidade abaixo do contratado;Respondida;SCM;CLARO S.A.;Grande;Claro;SP
10/08/2023;Reclamação;Velocidade;Velocidade abaixo do contratado;Em Andamento;SCM;OI S.A.;Grande;Oi;PB
29/06/2022;Reclamação;Cobrança;Cobrança indevida;Respondida;SCM;CLARO S.A.;Grande;Claro;PE
25/10/2022;Reclamação;Velocidade;Velocidade abaixo do contratado;Respondida;SCM;TELEFONICA BRASIL S.A.;Grande;Vivo;DF
03/09/2022;Reclamação;Instalação;Prazo de instalação excedido;Respondida;SCM;TELEFONICA BRASIL S.A.;Grande;Vivo;GO
11/01/2023;Reclamação;Velocidade;Velocidade abaixo do contratado;Respondida;SCM;TELEFONICA BRASIL S.A.;Grande;Vivo;PR
24/07/2022;Reclamação;Velocidade;Velocidade abaixo do contratado;Respondida;SCM;OI S.A.;Grande;Oi;GO
19/01/2023;Reclamação;Contrato;Cancelamento não realizado;Respondida;SCM;Embratel S.A.;Grande;Claro;RJ
16/02/2023;Reclamação;Cobrança;Cobrança indevida;Respondida;SCM;TIM CELULAR;Grande;TIM Group;AM
13/06/2022;Reclamação;Cobrança;Cobrança indevida;Respondida;SCM;CLARO S.A.;Grande;Claro;PE
13/06/2022;Reclamação;Cobrança;Cobrança indevida;Não Respondida;SCM;CLARO S.A.;Grande;Claro;TO
07/10/2022;Reclamação;Velocidade;Velocidade abaixo do contratado;Em Andamento;SCM;TELEFONICA BRASIL S.A.;Grande;Vivo;MG
03/04/2022;Reclamação;Falha;Falha/Interrupção do serviço;Em Andamento;SCM;NET SERVIÇOS DE COMUNICAÇÃO S.A.;Grande;Claro;RJ
03/01/2022;Reclamação;Velocidade;Velocidade abaixo do contratado;Respondida;SCM;TELEFONICA BRASIL S.A.;Grande;Vivo;PR
02/09/2022;Reclamação;Falha;Falha/Interrupção do serviço;Respondida;SCM;Tim Celular;Grande;TIM Group;DF
23/11/2022;Reclamação;Outros;Outros;Respondida;SCM;CLARO S.A.;Grande;Claro;RJ
21/03/2023;Reclamação;Cobrança;Cobrança indevida;Respondida;SCM;OI S.A.;Grande;Oi;PE
29/10/2022;Reclamação;Cobrança;Cobrança indevida;Respondida;SCM; ;Grande;Vivo;SP
25/10/2023;Reclamação;Falha;Falha/Interrupção do serviço;Respondida;SCM;CLARO S.A.;Grande;Claro;SP
25/02/2022;Reclamação;Velocidade;Velocidade abaixo do contratado;Respondida;SCM;CLARO S.A.;Grande;Claro;SP
07/03/2023;Reclamação;Falha;Falha/Interrupção do serviço;Respondida;SCM;TELEFONICA BRASIL S.A.;NÃO INFORMADO;Vivo;GO
31/08/2023;Reclamação;Cobrança;Cobrança indevida;Respondida;SCM;CLARO S.A.;Grande;Claro;SP
14/12/2023;Reclamação;Cobrança;Cobrança indevida;Respondida;SCM;TELEFONICA BRASIL S.A.;Grande;Vivo;MA
19/06/2023;Reclamação;Falha;Falha/Interrupção do serviço;Não Respondida;SCM;TIM CELULAR;Grande;TIM Group;RJ
31/03/2022;Reclamação;Velocidade;Velocidade abaixo do contratado;Não Respondida;SCM;CLARO S.A.;Grande;Claro;SP
31/05/2023;Reclamação;Velocidade;Velocidade abaixo do contratado;Não Respondida;SCM;Claro S.A.;Grande;Claro;BA
27/07/2023;Reclamação;Contrato;Cancelamento não realizado;Respondida;SCM;CLARO S.A.;Grande;Claro;PA
25/12/2022;Reclamação;Cobrança;Cobrança indevida;Em Andamento;SCM;CLARO S.A.;Grande;Claro;SP
31/03/2022;Reclamação;Velocidade;Velocidade abaixo do contratado;Respondida;SCM;NET SERVIÇOS DE COMUNICAÇÃO S.A.;Grande;Claro;PA
10/02/2022;Reclamação;Cobrança;Cobrança indevida;Respondida;SCM;CLARO S.A.;Grande;Claro;RJ
29/08/2023;Reclamação;Outros;Outros;Respondida;SCM;CLARO S/A;Grande;Claro;SC
20/12/2022;Reclamação;Velocidade;Velocidade abaixo do contratado;Não Respondida;SCM;EMBRATEL S.A.;Grande;Claro;RJ
16/09/2022;Reclamação;Velocidade;-;Em Andamento;SCM;TELEFONICA BRASIL S.A.;Grande;Vivo;CE
02/05/2023;Reclamação;Contrato;Cancelamento não realizado;Não Respondida;SCM;TELEFONICA BRASIL S.A.;NÃO INFORMADO;Vivo;MT
18/04/2022;Reclamação;Velocidade;Velocidade abaixo do contratado;Não Respondida;SCM;EMBRATEL S.A.;Grande;Claro;SP
12/06/2022;Reclamação;Velocidade;Velocidade abaixo do contratado;Respondida;SCM;CLARO S.A.;Grande;Claro;PA
13/04/2023;Reclamação;Falha;Falha/Interrupção do serviço;Respondida;SCM;TIM CELULAR;Grande;TIM Group;RN
13/10/2022;Reclamação;Velocidade;Velocidade abaixo do contratado;Não Respondida;SCM;CLARO S.A.;Grande;Claro;SP
17/06/2023;Reclamação;Falha;Falha/Interrupção do serviço;Respondida;SCM;CLARO S.A.;Grande;Claro;GO
27/09/2022;Reclamação;Velocidade;Velocidade abaixo do contratado;Respondida;SCM;TELEFONICA BRASIL S.A.;Grande;Vivo;SP
28/02/2022;Reclamação;Velocidade;Velocidade abaixo do contratado;Em Andamento;SCM;NET SERVIÇOS DE COMUNICAÇÃO S.A.;Grande;Claro;SC
27/09/2022;Reclamação;NÃO INFORMADO;Falha/Interrupção do serviço;Não Respondida;SCM;CLARO S.A.;Grande;Claro;PA
02/04/2023;Reclamação;Velocidade;Velocidade abaixo do contratado;Respondida;SCM;CLARO S.A.;Grande;Claro;SP
05/09/2022;Reclamação;Velocidade;Velocidade abaixo do contratado;Respondida;SCM;SERCOMTEL S.A.;Pequeno;Sercomtel;PR
16/12/2022;Reclamação;Velocidade;Velocidade abaixo do contratado;Respondida;SCM;TIM CELULAR;Grande;TIM Group;MT
25/04/2022;Reclamação;Velocidade;Velocidade abaixo do contratado;Respondida;SCM;TELEFONICA BRASIL S.A.;Grande;Vivo;MG
30/05/2022;Reclamação;Cobrança;Cobrança indevida;Respondida;SCM;OI S.A.;Grande;Oi;RS
19/05/2022;Reclamação;Cobrança;Cobrança indevida;Respondida;SCM;TELEFONICA BRASIL S.A.;Grande;Vivo;SP
08/11/2022;Reclamação; ;Velocidade abaixo do contratado;Respondida;SCM;TIM CELULAR;Grande;TIM Group;PR
14/07/2023;Reclamação;Outros;Outros;Não Respondida;SCM;NET SERVIÇOS DE COMUNICAÇÃO S.A.;Grande;Claro;SC
16/01/2022;Reclamação;Cobrança;N/A;Não Respondida;SCM;TELEFONICA BRASIL S.A.;Grande;Vivo;AL
28/04/2023;Reclamação;Atendimento;Atendimento inadequado;Respondida;SCM;TIM CELULAR;Grande;TIM Group;CE
12/12/2023;Reclamação;Falha;Falha/Interrupção do serviço;Respondida;SCM;TIM CELULAR;Grande;TIM Group;PE
26/06/2022;Reclamação;Velocidade;Velocidade abaixo do contratado;Respondida;SCM;CLARO S.A.;Grande;Claro;RS
19/07/2022;Reclamação;Cobrança;Cobrança indevida;Respondida;SCM;OI S.A.;Grande;Oi;SP
19/12/2022;Reclamação;Velocidade;Velocidade abaixo do contratado;Respondida;SCM;TELEFONICA BRASIL S.A.;Grande;Vivo;SP
06/05/2022;Reclamação;Atendimento;Atendimento inadequado;Respondida;SCM;OI S.A.;Grande;Oi;RJ
30/01/2022;Reclamação;Cobrança;Cobrança indevida;Respondida;SCM;Claro S.A.;Grande;Claro;SP
07/02/2023;Reclamação;Cobrança;Cobrança indevida;Respondida;SCM;TELEFONICA BRASIL S.A.;Grande;Vivo;RN
08/07/2023;Reclamação;Atendimento;Atendimento inadequado;Respondida;SCM;CLARO S/A;Grande;Claro;GO
25/11/2022;Reclamação;Outros;Outros;Respondida;SCM;OI S.A.;Grande;Oi;PB
19/05/2023;Reclamação;Cobrança;Cobrança indevida;Não Respondida;SCM;EMBRATEL S.A.;Grande;Claro;RJ
05/06/2022;Reclamação;Atendimento;Atendimento inadequado;Respondida;SCM;TIM CELULAR;Grande;TIM Group;SP
02/08/2022;Reclamação;Atendimento;Atendimento inadequado;Respondida;SCM;TELEFONICA BRASIL S.A.;Grande;Vivo;RN
10/12/2023;Reclamação;Cobrança;Cobrança indevida;Respondida;SCM;CLARO S.A.;Grande;Claro;RJ
12/03/2023;Reclamação;Velocidade;Velocidade abaixo do contratado;Em Andamento;SCM;NET SERVIÇOS DE COMUNICAÇÃO S.A.;Grande;Claro;TO
26/05/2022;Reclamação;Velocidade;NÃO INFORMADO;Respondida;SCM;TIM CELULAR;Grande;TIM Group;BA
28/08/2022;Reclamação;Cobrança;Cobrança indevida;Respondida;SCM;TELEFONICA BRASIL S.A.;Grande;Vivo;MG
08/10/2023;Reclamação;Atendimento;Atendimento inadequado;Respondida;SCM;EMBRATEL S.A.;Grande;Claro;CE
08/07/2022;Reclamação;Velocidade;Velocidade abaixo do contratado;Respondida;SCM;TIM CELULAR;Grande;TIM Group;MG
09/04/2023;Reclamação;Cobrança;Cobrança indevida;Respondida;SCM;NET SERVIÇOS DE COMUNICAÇÃO S.A.;Grande;Claro;AC
16/09/2022;Reclamação;Velocidade;Velocidade abaixo do contratado;Respondida;SCM;TIM CELULAR;Grande;TIM Group;SP
14/03/2023;Reclamação;Velocidade;Velocidade abaixo do contratado;Respondida;SCM;TELEFONICA BRASIL S.A.;Grande;Vivo;MS
26/11/2022;Reclamação;Velocidade;Velocidade abaixo do contratado;Respondida;SCM;EMBRATEL S.A.;Grande;Claro;PA
02/05/2023;Reclamação;Velocidade;Velocidade abaixo do contratado;Respondida;SCM;OI S.A.;Grande;Oi;SP
30/09/2023;Reclamação;Atendimento;Atendimento inadequado;Não Respondida;SCM;TELEFONICA BRASIL S.A.;Grande;Vivo;SC
25/07/2022;Reclamação;Velocidade;Velocidade abaixo do contratado;Respondida;SCM;OI S.A.;Grande;Oi;PR
24/11/2023;Reclamação;Falha;Falha/Interrupção do serviço;Respondida;SCM;CLARO S.A.;Grande;Claro;PR
23/08/2023;Reclamação;Velocidade;Velocidade abaixo do contratado;Respondida;SCM;CLARO S.A.;Grande;-;RR
30/01/2022;Reclamação;Velocidade;Velocidade abaixo do contratado;Em Andamento;SCM;TELEFONICA BRASIL S.A.;Grande;Vivo;DF
25/09/2023;Reclamação;Instalação;Prazo de instalação excedido;Respondida;SCM;CLARO S.A.;Grande;Claro;MG
11/02/2023;Reclamação;Atendimento;Atendimento inadequado;Respondida;SCM;CLARO S.A.;Grande;Claro;GO
15/01/2023;Reclamação;Velocidade;Velocidade abaixo do contratado;Respondida;SCM;TELEFONICA BRASIL S.A.;Grande;Vivo;PE
31/07/2022;Reclamação;Velocidade;Velocidade abaixo do contratado;Respondida;SCM;CLARO S.A.;Grande;Claro;MG
23/08/2023;Reclamação;Contrato;Cancelamento não realizado;Respondida;SCM;TELEFONICA BRASIL S.A.;Grande;Vivo;CE
12/12/2022;Reclamação;Velocidade;Velocidade abaixo do contratado;Respondida;SCM;TIM CELULAR;Grande;TIM Group;PA
03/11/2022;Reclamação;Velocidade;Velocidade abaixo do contratado;Não Respondida;SCM;EMBRATEL S.A.;Grande;Claro;CE
30/11/2022;Reclamação;Velocidade;Velocidade abaixo do contratado;Respondida;SCM;TELEFONICA BRASIL S.A.;Grande;Vivo;SP
07/10/2023;Reclamação;Falha;Falha/Interrupção do serviço;Respondida;SCM;CLARO S.A.;Grande;Claro;SP
20/08/2023;Reclamação;Falha;Falha/Interrupção do serviço;Respondida;SCM;TELEFONICA BRASIL S.A.;Grande;Vivo;SP
10/05/2023;Reclamação;Falha;Falha/Interrupção do serviço;Respondida;SCM;CLARO S/A;Grande;-;CE
21/12/2023;Reclamação;Contrato;Cancelamento não realizado;Respondida;SCM;CLARO S.A.;Grande;Claro;PR
28/06/2023;Reclamação;Cobrança; ;Respondida;SCM;CLARO S.A.;Grande;Claro;PA
02/05/2022;Reclamação;Velocidade;Velocidade abaixo do contratado;Respondida;SCM;CLARO S.A.;Grande;Claro;MA
23/10/2023;Reclamação; ;Cancelamento não realizado;Respondida;SCM;TELEFONICA BRASIL S.A.;Grande;Vivo;AL
19/05/2023;Reclamação;Velocidade;Velocidade abaixo do contratado;Respondida;SCM;CLARO S.A.;Grande;Claro;MT
12/10/2022;Reclamação;Velocidade;Velocidade abaixo do contratado;Respondida;SCM;CLARO S.A.;Grande;Claro;SP
20/06/2023;Reclamação;Velocidade;Velocidade abaixo do contratado;Respondida;SCM;Claro S.A.;Grande;Claro;SP
31/08/2023;Reclamação;Velocidade;Velocidade abaixo do contratado;Respondida;SCM;TELEFONICA BRASIL S.A.;Grande;NÃO INFORMADO;MG
24/04/2022;Reclamação;Outros;Outros;Respondida;SCM;EMBRATEL S.A.;Grande;Claro;ES
09/12/2022;Reclamação;Velocidade;Velocidade abaixo do contratado;Respondida;SCM;SERCOMTEL S.A.;Pequeno;Sercomtel;RS
03/08/2023;Reclamação;Falha;Falha/Interrupção do serviço;Respondida;SCM;TELEFONICA BRASIL S.A.;Grande;Vivo;RS
26/02/2022;Reclamação;Atendimento;Atendimento inadequado;Respondida;SCM;CLARO S.A.;Grande;Claro;PB
19/10/2022;Reclamação;Atendimento;Atendimento inadequado;Não Respondida;SCM;CLARO S.A.;Grande;Claro;AL
30/01/2022;Reclamação;Falha;Falha/Interrupção do serviço;Respondida;SCM;SERCOMTEL S.A.;Pequeno;Sercomtel;SP
23/12/2022;Reclamação;Instalação;Prazo de instalação excedido;Em Andamento;SCM;TIM CELULAR;Grande;TIM Group;SP
11/12/2023;Reclamação;Falha;Falha/Interrupção do serviço;Respondida;SCM;OI S.A.;Grande;Oi;SC
25/01/2022;Reclamação;Cobrança;Cobrança indevida;Em Andamento;SCM;NET SERVIÇOS DE COMUNICAÇÃO S.A.;Grande;Claro;RJ
02/08/2023;Reclamação;Cobrança;Cobrança indevida;Respondida;SCM;CLARO S.A.;Grande;Claro;MG
24/06/2023;Reclamação;Velocidade;Velocidade abaixo do contratado;Respondida;SCM;EMBRATEL S.A.;Grande;Claro;AM
10/02/2023;Reclamação;Velocidade;Velocidade abaixo do contratado;Respondida;SCM;TELEFONICA BRASIL S.A.;Grande;Vivo;SP
31/01/2022;Reclamação;Falha;Falha/Interrupção do serviço;Respondida;SCM; ;Grande;Claro;RS
27/02/2023;Reclamação;NÃO INFORMADO;Atendimento inadequado;Respondida;SCM;CLARO S.A.;Grande;Claro;SP
30/11/2022;Reclamação;Instalação;Prazo de instalação excedido;Não Respondida;SCM;TIM CELULAR;Grande;TIM Group;PE
07/12/2022;Reclamação;Velocidade;Velocidade abaixo do contratado;Não Respondida;SCM;TELEFONICA BRASIL S.A.;Grande;Vivo;SP
09/06/2022;Reclamação;Velocidade;Velocidade abaixo do contratado;Respondida;SCM;TIM CELULAR;Grande;TIM Group;BA
26/01/2023;Reclamação;Cobrança;Cobrança indevida;Respondida;SCM;CLARO S.A.;Grande;Claro;RJ
25/01/2022;Reclamação;Atendimento;Atendimento inadequado;Em Andamento;SCM;TELEFONICA BRASIL S.A.;Grande;Vivo;MS
22/04/2022;Reclamação;Outros;Outros;Respondida;SCM;TELEFONICA BRASIL S.A.;Grande;Vivo;SP
07/12/2023;Reclamação;Cobrança;Cobrança indevida;Respondida;SCM;TIM CELULAR;Grande;TIM Group;RJ
14/05/2022;Reclamação;Velocidade;Velocidade abaixo do contratado;Não Respondida;SCM;CLARO S.A.;Grande;Claro;PA
19/12/2023;Reclamação;Velocidade;Velocidade abaixo do contratado;Não Respondida;SCM;CLARO S.A.;Grande;Claro;SP
10/09/2022;Reclamação;Falha;Falha/Interrupção do serviço;Respondida;SCM;CLARO S.A.;Grande;Claro;MT
21/09/2022;Reclamação;Velocidade;NÃO INFORMADO;Respondida;SCM;CLARO S.A.;Grande;Claro;SP
14/07/2022;Reclamação;Falha;Falha/Interrupção do serviço;Respondida;SCM;EMBRATEL S.A.;Grande;Claro;SP
22/09/2022;Reclamação;Falha;Falha/Interrupção do serviço;Respondida;SCM;SERCOMTEL S.A.;Pequeno;Sercomtel;SE
01/05/2022;Reclamação;Falha;Falha/Interrupção do serviço;Respondida;SCM;TELEFONICA BRASIL S.A.;Grande;Vivo;AL
23/05/2023;Reclamação;Instalação;Prazo de instalação excedido;Respondida;SCM;CLARO S.A.;Grande;Claro;SP
12/12/2022;Reclamação;Velocidade;Velocidade abaixo do contratado;Respondida;SCM;CLARO S.A.;Grande;Claro;MA
12/02/2022;Reclamação;Falha;Falha/Interrupção do serviço;Respondida;SCM;TELEFONICA BRASIL S.A.;Grande;Vivo;MG
08/04/2023;Reclamação;Velocidade;Velocidade abaixo do contratado;Respondida;SCM;Claro S.A.;Grande;Claro;RS
13/05/2023;Reclamação;Velocidade;Velocidade abaixo do contratado;Respondida;SCM;NET SERVIÇOS DE COMUNICAÇÃO S.A.;Grande;Claro;MG
22/09/2023;Reclamação;Cobrança;Cobrança indevida;Respondida;SCM;OI S.A.;Grande;Oi;RJ
09/02/2022;Reclamação;Velocidade;Velocidade abaixo do contratado;Respondida;SCM;OI S.A.;Grande;Oi;PR
20/01/2022;Reclamação;Cobrança;Cobrança indevida;Em Andamento;SCM;CLARO S.A.;Grande;Claro;SP
05/05/2022;Reclamação;Contrato;Cancelamento não realizado;Não Respondida;SCM;CLARO S.A.;Grande;Claro;SP
21/01/2023;Reclamação;Velocidade;Velocidade abaixo do contratado;Respondida;SCM;TIM CELULAR;Grande;TIM Group;SC
12/10/2022;Reclamação;Falha;Falha/Interrupção do serviço;Respondida;SCM;EMBRATEL S.A.;Grande;Claro;RJ
26/09/2023;Reclamação;Outros;Outros;Respondida;SCM;TIM CELULAR;Grande;TIM Group;GO
03/12/2023;Reclamação;Cobrança;Cobrança indevida;Respondida;SCM;NET SERVIÇOS DE COMUNICAÇÃO S.A.;Grande;Claro;MT
18/01/2023;Reclamação;Cobrança;Cobrança indevida;Respondida;SCM;TIM CELULAR;Grande;TIM Group;PE
05/12/2023;Reclamação;Atendimento;Atendimento inadequado;Respondida;SCM;OI S.A.;Grande;Oi;SP
21/06/2023;Reclamação;Falha;Falha/Interrupção do serviço;Não Respondida;SCM;CLARO S.A.;Grande;Claro;RJ
31/01/2023;Reclamação;Velocidade;Velocidade abaixo do contratado;Respondida;SCM;CLARO S.A.;Grande;Claro;RO
29/04/2022;Reclamação;Velocidade;Velocidade abaixo do contratado;Respondida;SCM;TELEFONICA BRASIL S.A.;Grande;Vivo;MS
02/10/2023;Reclamação;Velocidade;Velocidade abaixo do contratado;Respondida;SCM;TELEFONICA BRASIL S.A.;Grande;Vivo;RS
10/07/2022;Reclamação;Velocidade;Velocidade abaixo do contratado;Respondida;SCM;CLARO S.A.;Grande;Claro;MA
14/01/2023;Reclamação;Velocidade;Velocidade abaixo do contratado;Respondida;SCM;EMBRATEL S.A.;Grande;Claro;PA
12/08/2022;Reclamação;Atendimento;Atendimento inadequado;Em Andamento;SCM;TIM CELULAR;Grande;TIM Group;ES
07/04/2022;Reclamação;Cobrança;Cobrança indevida;Respondida;SCM;TELEFONICA BRASIL S.A.;Grande;Vivo;RJ
07/02/2022;Reclamação;Velocidade;Velocidade abaixo do contratado;Respondida;SCM;CLARO S.A.;Grande;Claro;BA
16/02/2022;Reclamação;Cobrança;Cobrança indevida;Em Andamento;SCM;NET SERVIÇOS DE COMUNICAÇÃO S.A.;Grande;Claro;RJ
08/09/2022;Reclamação;Cobrança;Cobrança indevida;Respondida;SCM;TELEFONICA BRASIL S.A.;Grande;Vivo;RO
25/12/2022;Reclamação;Cobrança;Cobrança indevida;Respondida;SCM;OI S.A.;Grande;Oi;PE
08/03/2022;Reclamação;Cobrança;Cobrança indevida;Não Respondida;SCM;CLARO S.A.;Grande;Claro;MA
12/10/2023;Reclamação;Contrato;Cancelamento não realizado;Respondida;SCM;TELEFONICA BRASIL S.A.;Grande;Vivo;SP
07/01/2022;Reclamação;Velocidade;Velocidade abaixo do contratado;Respondida;SCM;OI S.A.;Grande;Oi;BA
13/12/2023;Reclamação;Cobrança;Cobrança indevida;Não Respondida;SCM;TELEFONICA BRASIL S.A.;Grande;Vivo;SP
09/12/2023;Reclamação;Falha;Falha/Interrupção do serviço;Respondida;SCM;TIM CELULAR;Grande;TIM Group;SP
14/06/2023;Reclamação;Cobrança;Cobrança indevida;Respondida;SCM;CLARO S.A.;Grande;Claro;SP
27/07/2023;Reclamação;Atendimento;Atendimento inadequado;Não Respondida;SCM;Oi S.A.;Grande;Oi;SP
27/06/2022;Reclamação;Velocidade;Velocidade abaixo do contratado;Não Respondida;SCM;CLARO S.A.;-;Claro;PR
12/05/2022;Reclamação;Velocidade;Velocidade abaixo do contratado;Respondida;SCM;OI S.A.;Grande;Oi;RN
23/03/2022;Reclamação;Atendimento;Atendimento inadequado;Respondida;SCM;TIM CELULAR;Grande;TIM Group;CE
09/09/2023;Reclamação;Cobrança;Cobrança indevida;Respondida;SCM;OI S.A.;Grande;Oi;PA
25/05/2022;Reclamação;Cobrança;Cobrança indevida;Respondida;SCM;TELEFONICA BRASIL S.A.;Grande;Vivo;PE
18/11/2023;Reclamação;Cobrança;Cobrança indevida;Não Respondida;SCM;EMBRATEL S.A.;Grande;Claro;CE
25/10/2022;Reclamação;Contrato;N/A;Respondida;SCM;CLARO S.A.;Grande;Claro;MA
07/10/2023;Reclamação;Velocidade;Velocidade abaixo do contratado;Respondida;SCM;TIM CELULAR;Grande;TIM Group;AC
29/07/2022;Reclamação;Cobrança;Cobrança indevida;Em Andamento;SCM;CLARO S.A.;Grande;Claro;SP
27/01/2023;Reclamação;Instalação;Prazo de instalação excedido;Respondida;SCM;CLARO S.A.;Grande;Claro;RJ
29/11/2022;Reclamação;Outros;Outros;Respondida;SCM;TELEFONICA BRASIL S.A.;Grande;Vivo;ES
08/10/2023;Reclamação;Velocidade;Velocidade abaixo do contratado;Não Respondida;SCM;TIM CELULAR;Grande;TIM Group;PR
18/01/2023;Reclamação;Falha;Falha/Interrupção do serviço;Respondida;SCM;TELEFONICA BRASIL S.A.;Grande;Vivo;AP
11/11/2023;Reclamação;Velocidade;Velocidade abaixo do contratado;Respondida;SCM;TELEFONICA BRASIL S.A.;Grande;Vivo;PE
04/08/2022;Reclamação;Instalação;Prazo de instalação excedido;Respondida;SCM;TELEFONICA BRASIL S.A.;Grande;Vivo;MA
03/11/2023;Reclamação;Velocidade;Velocidade abaixo do contratado;Em Andamento;SCM;EMBRATEL S.A.;Grande;Claro;PR
13/07/2023;Reclamação;Velocidade;Velocidade abaixo do contratado;Respondida;SCM;TELEFONICA BRASIL S.A.;Grande;Vivo;SP
03/07/2023;Reclamação;NÃO INFORMADO;Falha/Interrupção do serviço;Respondida;SCM;Oi S.A.;Grande;Oi;RJ
29/10/2022;Reclamação;Contrato;Cancelamento não realizado;Respondida;SCM;SERCOMTEL S.A.;Pequeno;Sercomtel;RN
09/07/2022;Reclamação;Velocidade;Velocidade abaixo do contratado;Respondida;SCM;TELEFONICA BRASIL S.A.;Grande;Vivo;RN
18/01/2023;Reclamação;-;Prazo de instalação excedido;Não Respondida;SCM;TELEFONICA BRASIL S.A.;Grande;Vivo;RO
22/07/2023;Reclamação;Velocidade;Velocidade abaixo do contratado;Não Respondida;SCM;EMBRATEL S.A.;Grande;Claro;SP
15/09/2022;Reclamação;Contrato;Cancelamento não realizado;Não Respondida;SCM;EMBRATEL S.A.;Grande;Claro;SP
03/08/2023;Reclamação;Outros;Outros;Respondida;SCM;EMBRATEL S.A.;Grande;Claro;PR
10/08/2023;Reclamação;Instalação;Prazo de instalação excedido;Não Respondida;SCM;TIM CELULAR;Grande;TIM Group;PI
23/10/2023;Reclamação;Falha;Falha/Interrupção do serviço;Respondida;SCM;TELEFONICA BRASIL S.A.;Grande;Vivo;SP
11/02/2023;Reclamação;Falha;Falha/Interrupção do serviço;Em Andamento;SCM;EMBRATEL S.A.;Grande;Claro;AL
12/12/2023;Reclamação;Falha;Falha/Interrupção do serviço;Respondida;SCM;TELEFONICA BRASIL S.A.;Grande;Vivo;PB
18/01/2022;Reclamação;Cobrança;Cobrança indevida;Respondida;SCM;TELEFONICA BRASIL S.A.;Grande;Vivo;PB
09/12/2023;Reclamação;Outros;Outros;Em Andamento;SCM;CLARO S.A.;-;Claro;SP
16/03/2023;Reclamação;Velocidade;Velocidade abaixo do contratado;Não Respondida;SCM;OI S.A.;Grande;Oi;MG
20/12/2022;Reclamação;Velocidade;Velocidade abaixo do contratado;Respondida;SCM;TELEFONICA BRASIL S.A.;Grande;Vivo;RS
05/12/2022;Reclamação;Falha;Falha/Interrupção do serviço;Respondida;SCM;TELEFONICA BRASIL S.A.;Grande;Vivo;MT
03/01/2022;Reclamação;Falha;Falha/Interrupção do serviço;Respondida;SCM;TELEFONICA BRASIL S.A.;Grande;Vivo;SP
31/08/2022;Reclamação;Velocidade;Velocidade abaixo do contratado;Respondida;SCM;OI S.A.;Grande;Oi;SP
31/10/2022;Reclamação;Atendimento; ;Respondida;SCM;OI S.A.;Grande;Oi;BA
12/09/2023;Reclamação;Velocidade;Velocidade abaixo do contratado;Em Andamento;SCM;CLARO S.A.;Grande;Claro;RJ
04/10/2022;Reclamação;Falha;Falha/Interrupção do serviço;Em Andamento;SCM;TIM CELULAR;Grande;TIM Group;BA
03/08/2022;Reclamação;Velocidade;Velocidade abaixo do contratado;Não Respondida;SCM;CLARO S/A;Grande;Claro;SP
02/08/2022;Reclamação;Falha;Falha/Interrupção do serviço;Em Andamento;SCM;EMBRATEL S.A.;Grande;Claro;PB
15/01/2023;Reclamação;Falha;Falha/Interrupção do serviço;Em Andamento;SCM;CLARO S.A.;Grande;Claro;SP
14/04/2023;Reclamação;Velocidade;Velocidade abaixo do contratado;Em Andamento;SCM;OI S.A.;Grande;Oi;AC
30/04/2022;Reclamação;N/A;Velocidade abaixo do contratado;Respondida;SCM;TELEFONICA BRASIL S.A.;Grande;Vivo;TO
06/05/2022;Reclamação;Falha;Falha/Interrupção do serviço;Não Respondida;SCM;CLARO S.A.;Grande;Claro;PR
08/08/2022;Reclamação;Velocidade;Velocidade abaixo do contratado;Respondida;SCM;OI S.A.;Grande;Oi;RJ
06/12/2023;Reclamação;Velocidade;Velocidade abaixo do contratado;Respondida;SCM;TELEFONICA BRASIL S.A.;Grande;Vivo;SP
08/04/2022;Reclamação;Cobrança;Cobrança indevida;Não Respondida;SCM;TIM CELULAR;Grande;TIM Group;MG
13/11/2023;Reclamação;Velocidade;Velocidade abaixo do contratado;Respondida;SCM;CLARO S.A.;Grande;Claro;SP
18/12/2022;Reclamação;Velocidade;Velocidade abaixo do contratado;Respondida;SCM;OI S.A.;Grande;Oi;MA
09/07/2023;Reclamação;Velocidade;Velocidade abaixo do contratado;Respondida;SCM;OI S.A.;Grande;Oi;TO
03/04/2023;Reclamação;Contrato;Cancelamento não realizado;Respondida;SCM;TELEFONICA BRASIL S.A.;Grande;Vivo;MG
22/07/2022;Reclamação;Cobrança;Cobrança indevida;Não Respondida;SCM;TELEFONICA BRASIL S.A.;Grande;Vivo;SP
28/10/2023;Reclamação;Falha;N/A;Em Andamento;SCM;CLARO S.A.;Grande;Claro;SP
29/06/2023;Reclamação;Velocidade;Velocidade abaixo do contratado;Respondida;SCM;TELEFONICA BRASIL S.A.;Grande;NÃO INFORMADO;ES
10/11/2022;Reclamação;Velocidade;Velocidade abaixo do contratado;Respondida;SCM;EMBRATEL S.A.;Grande;Claro;AM
18/01/2023;Reclamação;Cobrança;Cobrança indevida;Em Andamento;SCM;TELEFONICA BRASIL S.A.;Grande;Vivo;CE
11/01/2023;Reclamação;Outros;Outros;Não Respondida;SCM;OI S.A.;Grande;Oi;SP
05/05/2022;Reclamação;Velocidade;Velocidade abaixo do contratado;Respondida;SCM;TELEFONICA BRASIL S.A.;Grande;Vivo;AL
28/12/2022;Reclamação;Cobrança;Cobrança indevida;Respondida;SCM;SERCOMTEL S.A.;Pequeno;Sercomtel;SP
17/04/2023;Reclamação;Velocidade;Velocidade abaixo do contratado;Não Respondida;SCM;OI S.A.;Grande;Oi;RJ
27/06/2022;Reclamação;Contrato;Cancelamento não realizado;Em Andamento;SCM;TELEFONICA BRASIL S.A.;Grande;Vivo;RS
17/04/2023;Reclamação;Atendimento;Atendimento inadequado;Não Respondida;SCM;EMBRATEL S.A.;Grande;Claro;RJ
01/07/2023;Reclamação;NÃO INFORMADO;Cobrança indevida;Não Respondida;SCM;OI S.A.;Grande;Oi;SP
24/07/2022;Reclamação;Velocidade;Velocidade abaixo do contratado;Em Andamento;SCM;Claro S.A.;NÃO INFORMADO;N/A;PB
15/05/2023;Reclamação;Cobrança;Cobrança indevida;Respondida;SCM;TIM CELULAR;Grande;TIM Group;PR
18/12/2023;Reclamação;Velocidade;Velocidade abaixo do contratado;Em Andamento;SCM;CLARO S.A.;Grande;Claro;RS
14/04/2023;Reclamação;Velocidade;Velocidade abaixo do contratado;Em Andamento;SCM;OI S.A.;Grande;Oi;AC
27/01/2023;Reclamação;Velocidade;Velocidade abaixo do contratado;Não Respondida;SCM;TIM CELULAR;Grande;TIM Group;AM
18/09/2022;Reclamação;Outros;Outros;Respondida;SCM;OI S.A.;Grande;Oi;MG
31/03/2023;Reclamação;Velocidade;Velocidade abaixo do contratado;Respondida;SCM;OI S.A.;Grande;Oi;MG
25/03/2022;Reclamação;Cobrança;-;Respondida;SCM;CLARO S.A.;Grande;Claro;SP
22/06/2022;Reclamação;Velocidade;Velocidade abaixo do contratado;Não Respondida;SCM;TELEFONICA BRASIL S.A.;Grande;Vivo;SP
23/02/2022;Reclamação;Contrato;Cancelamento não realizado;Não Respondida;SCM;OI S.A.;Grande;Oi;RS
09/08/2023;Reclamação;Velocidade;Velocidade abaixo do contratado;Respondida;SCM;CLARO S.A.;Grande;Claro;MG
09/03/2023;Reclamação;Contrato;Cancelamento não realizado;Respondida;SCM;TELEFONICA BRASIL S.A.;Grande;Vivo;GO
13/12/2023;Reclamação;Velocidade;Velocidade abaixo do contratado;Respondida;SCM;CLARO S.A.;Grande;Claro;PA
22/01/2023;Reclamação;Cobrança;Cobrança indevida;Respondida;SCM;CLARO S.A.;Grande;Claro;SP
02/05/2022;Reclamação;Falha;Falha/Interrupção do serviço;Respondida;SCM;TIM CELULAR;Grande;TIM Group;MG
26/03/2022;Reclamação;Cobrança;Cobrança indevida;Não Respondida;SCM;TIM CELULAR;Grande;TIM Group;RS
08/09/2022;Reclamação;Velocidade;Velocidade abaixo do contratado;Respondida;SCM;TELEFONICA BRASIL S.A.;Grande;Vivo;SP
16/10/2022;Reclamação;Cobrança;Cobrança indevida;Não Respondida;SCM;OI S.A.;Grande;Oi;MA
15/03/2022;Reclamação;Cobrança;Cobrança indevida;Respondida;SCM;CLARO S.A.;Grande;Claro;PE
18/01/2023;Reclamação;Velocidade;Velocidade abaixo do contratado;Respondida;SCM;OI S.A.;Grande;Oi;RO
01/04/2023;Reclamação;Contrato;Cancelamento não realizado;Não Respondida;SCM;TIM CELULAR;Grande;TIM Group;RS
27/04/2023;Reclamação;Velocidade;Velocidade abaixo do contratado;Não Respondida;SCM;Telefonica Brasil S.A.;Grande;Vivo;RJ
28/07/2022;Reclamação;Atendimento;N/A;Não Respondida;SCM;CLARO S/A;Grande;Claro;RJ
11/05/2023;Reclamação;Falha;Falha/Interrupção do serviço;Não Respondida;SCM;CLARO S.A.;Grande;Claro;PA
04/07/2022;Reclamação;Instalação;Prazo de instalação excedido;Em Andamento;SCM;CLARO S.A.;Grande;Claro;PE
09/02/2022;Reclamação;Falha;Falha/Interrupção do serviço;Em Andamento;SCM;OI S.A.;Grande;Oi;RJ
30/07/2023;Reclamação;Velocidade;Velocidade abaixo do contratado;Respondida;SCM;CLARO S.A.;Grande;Claro;MG
01/02/2022;Reclamação;Falha;Falha/Interrupção do serviço;Em Andamento;SCM;TIM CELULAR;Grande;TIM Group;RJ
23/01/2023;Reclamação;Contrato;Cancelamento não realizado;Não Respondida;SCM;CLARO S.A.;Grande;Claro;SP
20/06/2022;Reclamação;Atendimento;Atendimento inadequado;Respondida;SCM;TELEFONICA BRASIL S.A.;Grande;Vivo;RN
07/09/2023;Reclamação;Contrato;Cancelamento não realizado;Em Andamento;SCM;CLARO S.A.;Grande;Claro;MG
10/12/2023;Reclamação;Velocidade;Velocidade abaixo do contratado;Respondida;SCM;OI S.A.;Grande;Oi;SP
17/03/2023;Reclamação;Atendimento;Atendimento inadequado;Respondida;SCM;CLARO S.A.;Grande;Claro;PR
07/04/2022;Reclamação;Falha;Falha/Interrupção do serviço;Respondida;SCM;SERCOMTEL S.A.;Pequeno;Sercomtel;RS
21/07/2022;Reclamação;Velocidade;Velocidade abaixo do contratado;Respondida;SCM;EMBRATEL S.A.;Grande;Claro;RS
10/08/2022;Reclamação;Velocidade;Velocidade abaixo do contratado;Respondida;SCM;Oi S.A.;Grande;Oi;SP
18/02/2022;Reclamação;Velocidade;Velocidade abaixo do contratado;Respondida;SCM;NET SERVIÇOS DE COMUNICAÇÃO S.A.;Grande;Claro;SC
06/01/2022;Reclamação;Velocidade;Velocidade abaixo do contratado;Em Andamento;SCM;TIM CELULAR;Grande;TIM Group;RJ
17/07/2023;Reclamação;NÃO INFORMADO;Outros;Em Andamento;SCM;OI S.A.;Grande;Oi;GO
09/05/2022;Reclamação;Falha;NÃO INFORMADO;Não Respondida;SCM;NET SERVIÇOS DE COMUNICAÇÃO S.A.;Grande;Claro;BA
29/07/2022;Reclamação;Cobrança;Cobrança indevida;Respondida;SCM;CLARO S.A.;Grande;Claro;RJ
18/07/2023;Reclamação;Cobrança;Cobrança indevida;Respondida;SCM;EMBRATEL S.A.;N/A;Claro;SP
22/07/2023;Reclamação;Velocidade;Velocidade abaixo do contratado;Respondida;SCM;CLARO S.A.;Grande;Claro;SP
26/05/2022;Reclamação;Falha;Falha/Interrupção do serviço;Em Andamento;SCM;TELEFONICA BRASIL S.A.;Grande;Vivo;PR
06/06/2022;Reclamação;Falha;Falha/Interrupção do serviço;Não Respondida;SCM;TELEFONICA BRASIL S.A.;N/A;Vivo;MG
10/03/2022;Reclamação;Cobrança;Cobrança indevida;Respondida;SCM;OI S.A.;Grande;Oi;DF
26/05/2022;Reclamação;Cobrança;Cobrança indevida;Não Respondida;SCM;TIM CELULAR;Grande;TIM Group;SP
13/01/2023;Reclamação;Cobrança;Cobrança indevida;Respondida;SCM;Telefonica Brasil S.A.;Grande;Vivo;SP
13/03/2022;Reclamação;Velocidade;Velocidade abaixo do contratado;Não Respondida;SCM;CLARO S.A.;Grande;Claro;SP
21/07/2023;Reclamação;Outros;Outros;Respondida;SCM;NET SERVIÇOS DE COMUNICAÇÃO S.A.;Grande;Claro;PR
06/10/2023;Reclamação;Cobrança;Cobrança indevida;Respondida;SCM;TELEFONICA BRASIL S.A.;Grande;Vivo;SC
31/07/2023;Reclamação;Cobrança;Cobrança indevida;Respondida;SCM;TELEFONICA BRASIL S.A.;Grande;Vivo;RS
11/07/2022;Reclamação;Velocidade;Velocidade abaixo do contratado;Respondida;SCM;SERCOMTEL S.A.;Pequeno;Sercomtel;RJ
09/08/2023;Reclamação;Falha;Falha/Interrupção do serviço;Não Respondida;SCM;TIM CELULAR;Grande;TIM Group;RJ
12/10/2023;Reclamação;Instalação;Prazo de instalação excedido;Não Respondida;SCM;TIM CELULAR;Grande;TIM Group;SC
11/03/2023;Reclamação;Atendimento;Atendimento inadequado;Respondida;SCM;EMBRATEL S.A.;Grande;Claro;RS
11/07/2023;Reclamação;Contrato;Cancelamento não realizado;Respondida;SCM;CLARO S.A.;Grande;Claro;RS
21/07/2023;Reclamação;Instalação;Prazo de instalação excedido;Não Respondida;SCM;TELEFONICA BRASIL S.A.;Grande;Vivo;SP
02/10/2022;Reclamação;Cobrança;Cobrança indevida;Respondida;SCM;CLARO S.A.;Grande;Claro;CE
06/11/2022;Reclamação;Falha;Falha/Interrupção do serviço;Respondida;SCM;TIM CELULAR;Grande;TIM Group;PA
15/02/2022;Reclamação;Velocidade;Velocidade abaixo do contratado;Respondida;SCM;NET SERVIÇOS DE COMUNICAÇÃO S.A.;Grande;Claro;RS
15/07/2022;Reclamação;Cobrança;Cobrança indevida;Respondida;SCM;TELEFONICA BRASIL S.A.;NÃO INFORMADO;Vivo;SP
14/07/2022;Reclamação;Instalação;Prazo de instalação excedido;Não Respondida;SCM;OI S.A.;Grande;Oi;RJ
02/07/2023;Reclamação;Velocidade;Velocidade abaixo do contratado;Respondida;SCM;CLARO S.A.;Grande;Claro;SC
28/08/2022;Reclamação;Falha;Falha/Interrupção do serviço;Não Respondida;SCM;TIM CELULAR;Grande;TIM Group;SP
22/01/2023;Reclamação;Velocidade;Velocidade abaixo do contratado;Respondida;SCM;TELEFONICA BRASIL S.A.;Grande;Vivo;AM
26/08/2023;Reclamação;Instalação;Prazo de instalação excedido;Em Andamento;SCM;NET SERVIÇOS DE COMUNICAÇÃO S.A.;Grande;Claro;MT
26/05/2022;Reclamação;Velocidade;Velocidade abaixo do contratado;Respondida;SCM;CLARO S.A.;Grande;Claro;SP
01/02/2023;Reclamação;Velocidade;Velocidade abaixo do contratado;Não Respondida;SCM;TELEFONICA BRASIL S.A.;Grande;Vivo;PA
28/03/2023;Reclamação;Falha;Falha/Interrupção do serviço;Respondida;SCM;TELEFONICA BRASIL S.A.;Grande;Vivo;RN
19/03/2023;Reclamação;Velocidade;Velocidade abaixo do contratado;Em Andamento;SCM;OI S.A.;Grande;Oi;SP
08/04/2023;Reclamação;Velocidade;Velocidade abaixo do contratado;Respondida;SCM;TIM CELULAR;Grande;TIM Group;MA
18/04/2023;Reclamação;Velocidade;Velocidade abaixo do contratado;Não Respondida;SCM;TIM CELULAR;Grande;TIM Group;GO
11/05/2023;Reclamação;Falha;Falha/Interrupção do serviço;Respondida;SCM;TIM CELULAR;Grande;TIM Group;RR
18/02/2022;Reclamação;Velocidade;Velocidade abaixo do contratado;Respondida;SCM;TIM CELULAR;Grande;TIM Group;SP
26/04/2023;Reclamação;Cobrança;Cobrança indevida;Respondida;SCM;NET SERVIÇOS DE COMUNICAÇÃO S.A.;Grande;Claro;AM
15/09/2022;Reclamação;Instalação;Prazo de instalação excedido;Em Andamento;SCM;TELEFONICA BRASIL S.A.;Grande;Vivo;MT
10/06/2022;Reclamação;Cobrança;N/A;Respondida;SCM;CLARO S.A.;Grande;Claro;SP
01/06/2023;Reclamação;Falha;Falha/Interrupção do serviço;Respondida;SCM;NET SERVIÇOS DE COMUNICAÇÃO S.A.;Grande;Claro;PE
05/11/2023;Reclamação;Instalação;Prazo de instalação excedido;Respondida;SCM;OI S.A.;Grande;Oi;RN
10/03/2023;Reclamação;Velocidade;Velocidade abaixo do contratado;Respondida;SCM;CLARO S.A.;Grande;Claro;SP
20/08/2023;Reclamação;Falha;Falha/Interrupção do serviço;Respondida;SCM;OI S.A.;Grande;Oi;MG
16/12/2022;Reclamação; ;Cobrança indevida;Respondida;SCM;NET SERVIÇOS DE COMUNICAÇÃO S.A.;Grande;Claro;BA
13/05/2023;Reclamação;Contrato;Cancelamento não realizado;Em Andamento;SCM;Tim Celular;Grande;TIM Group;SP
24/05/2022;Reclamação;Velocidade;Velocidade abaixo do contratado;Respondida;SCM;CLARO S.A.;Grande;Claro;DF
21/08/2022;Reclamação;Cobrança;Cobrança indevida;Respondida;SCM;TELEFONICA BRASIL S.A.;Grande;Vivo;MA
22/07/2023;Reclamação;Contrato;Cancelamento não realizado;Respondida;SCM;CLARO S/A;Grande;Claro;BA
29/06/2022;Reclamação;Contrato;Cancelamento não realizado;Respondida;SCM;CLARO S.A.;Grande;Claro;SP
07/05/2023;Reclamação;Cobrança;Cobrança indevida;Respondida;SCM;TELEFONICA BRASIL S.A.;Grande;Vivo;RR
24/01/2022;Reclamação;Falha;Falha/Interrupção do serviço;Respondida;SCM;CLARO S.A.;Grande;Claro;RS
04/12/2022;Reclamação;Falha;Falha/Interrupção do serviço;Respondida;SCM;TIM CELULAR;Grande;TIM Group;SP
30/11/2023;Reclamação;Falha;Falha/Interrupção do serviço;Respondida;SCM;OI S.A.;Grande;Oi;PA
29/07/2023;Reclamação;Falha;Falha/Interrupção do serviço;Respondida;SCM;TELEFONICA BRASIL S.A.;Grande;Vivo;SP
26/07/2022;Reclamação;Velocidade;Velocidade abaixo do contratado;Respondida;SCM;CLARO S.A.;Grande;Claro;GO
21/10/2023;Reclamação;Instalação;Prazo de instalação excedido;Respondida;SCM;CLARO S.A.;Grande;Claro;PE
22/03/2023;Reclamação;Velocidade;Velocidade abaixo do contratado;Respondida;SCM;EMBRATEL S.A.;Grande;Claro;BA
27/03/2022;Reclamação;Cobrança;Cobrança indevida;Em Andamento;SCM;Embratel S.A.;Grande;Claro;RJ
24/10/2023;Reclamação;Cobrança;Cobrança indevida;Não Respondida;SCM;CLARO S.A.;Grande;Claro;SP
26/02/2022;Reclamação;Instalação;Prazo de instalação excedido;Respondida;SCM;TIM CELULAR;Grande;TIM Group;SP
10/03/2023;Reclamação;Cobrança;Cobrança indevida;Respondida;SCM;TIM CELULAR;Grande;TIM Group;RJ
14/05/2022;Reclamação;Atendimento;Atendimento inadequado;Não Respondida;SCM;CLARO S.A.;Grande;Claro;SP
10/03/2023;Reclamação;Velocidade;Velocidade abaixo do contratado;Respondida;SCM;TELEFONICA BRASIL S.A.;Grande;Vivo;SP
25/05/2023;Reclamação;Velocidade;Velocidade abaixo do contratado;Respondida;SCM;TELEFONICA BRASIL S.A.;Grande;Vivo;CE
27/11/2023;Reclamação;Cobrança;Cobrança indevida;Respondida;SCM;TIM CELULAR;Grande;TIM Group;SP
10/01/2023;Reclamação;Outros;Outros;Respondida;SCM;CLARO S.A.;Grande;Claro;MG
04/04/2023;Reclamação;Atendimento;Atendimento inadequado;Respondida;SCM;TELEFONICA BRASIL S.A.;Grande;Vivo;MG
13/12/2022;Reclamação;Cobrança;Cobrança indevida;Não Respondida;SCM;Embratel S.A.;Grande;Claro;MG
14/09/2023;Reclamação;Falha;Falha/Interrupção do serviço;Não Respondida;SCM;CLARO S.A.;Grande;Claro;RS
11/03/2023;Reclamação;N/A;Falha/Interrupção do serviço;Em Andamento;SCM;TIM CELULAR;Grande;TIM Group;SP
20/11/2022;Reclamação;Velocidade;Velocidade abaixo do contratado;Respondida;SCM;Oi S.A.;Grande;Oi;MA
08/02/2023;Reclamação;Instalação;Prazo de instalação excedido;Não Respondida;SCM;OI S.A.;Grande;Oi;AC
17/06/2023;Reclamação;Velocidade;Velocidade abaixo do contratado;Respondida;SCM;TIM CELULAR;Grande;TIM Group;CE
30/07/2022;Reclamação;Falha;Falha/Interrupção do serviço;Respondida;SCM;Claro S.A.;Grande;Claro;AM
05/08/2022;Reclamação;Velocidade;Velocidade abaixo do contratado;Respondida;SCM;CLARO S.A.;Grande;Claro;RS
22/07/2023;Reclamação;Cobrança;Cobrança indevida;Não Respondida;SCM;TIM CELULAR;Grande;TIM Group;RJ
30/03/2022;Reclamação;Cobrança;Cobrança indevida;Respondida;SCM;CLARO S.A.;Grande;Claro;SC
14/06/2023;Reclamação;Falha;Falha/Interrupção do serviço;Respondida;SCM;Tim Celular;Grande;TIM Group;MG
08/07/2023;Reclamação;Velocidade;Velocidade abaixo do contratado;Não Respondida;SCM;TIM CELULAR;Grande;TIM Group;MG
18/07/2023;Reclamação;Falha;Falha/Interrupção do serviço;Respondida;SCM;CLARO S/A;Grande;Claro;BA
14/12/2023;Reclamação;Contrato;NÃO INFORMADO;Respondida;SCM;OI S.A.;Grande;Oi;PR
08/12/2023;Reclamação;Velocidade;Velocidade abaixo do contratado;Não Respondida;SCM;CLARO S.A.;Grande;Claro;RJ
24/04/2023;Reclamação;Cobrança;Cobrança indevida;Respondida;SCM;TIM CELULAR;Grande;TIM Group;SP
13/12/2023;Reclamação;Cobrança;Cobrança indevida;Respondida;SCM;CLARO S/A;Grande;Claro;SP
27/03/2023;Reclamação;Falha;Falha/Interrupção do serviço;Em Andamento;SCM;CLARO S.A.;Grande;Claro;RN
10/09/2023;Reclamação;Velocidade;Velocidade abaixo do contratado;Não Respondida;SCM;CLARO S.A.;Grande;Claro;CE
14/08/2023;Reclamação;Cobrança;Cobrança indevida;Respondida;SCM;CLARO S/A;Grande;Claro;BA
02/04/2023;Reclamação;Velocidade;Velocidade abaixo do contratado;Respondida;SCM;OI S.A.;Grande;Oi;PE
12/04/2022;Reclamação;Cobrança;Cobrança indevida;Respondida;SCM;CLARO S.A.;Grande;Claro;RJ
04/02/2022;Reclamação;Contrato;Cancelamento não realizado;Respondida;SCM;CLARO S.A.;Grande;Claro;SP
10/02/2022;Reclamação;Cobrança;Cobrança indevida;Não Respondida;SCM;TELEFONICA BRASIL S.A.;Grande;Vivo;MG
20/04/2023;Reclamação;Cobrança;Cobrança indevida;Em Andamento;SCM; ;Grande;Claro;DF
05/02/2023;Reclamação;Cobrança;Cobrança indevida;Respondida;SCM;CLARO S.A.;Grande;Claro;AL
13/02/2022;Reclamação;Velocidade;Velocidade abaixo do contratado;Não Respondida;SCM;OI S.A.;Grande;Oi;PE
19/11/2022;Reclamação;Cobrança;Cobrança indevida;Respondida;SCM;CLARO S.A.;Grande;Claro;SC
18/03/2023;Reclamação;N/A;Velocidade abaixo do contratado;Respondida;SCM;EMBRATEL S.A.;Grande;Claro;GO
28/04/2022;Reclamação;Velocidade;Velocidade abaixo do contratado;Respondida;SCM;OI S.A.;Grande;Oi;PE
22/06/2023;Reclamação;Contrato;Cancelamento não realizado;Respondida;SCM;CLARO S.A.;Grande;Claro;SP
09/11/2023;Reclamação;Velocidade;Velocidade abaixo do contratado;Respondida;SCM;CLARO S.A.;Grande;Claro;AL
06/04/2022;Reclamação;Atendimento;Atendimento inadequado;Respondida;SCM;TIM CELULAR;-;TIM Group;SP
17/03/2022;Reclamação;Atendimento;Atendimento inadequado;Respondida;SCM;TIM CELULAR;Grande;TIM Group;CE
25/12/2022;Reclamação;Cobrança;Cobrança indevida;Não Respondida;SCM;TELEFONICA BRASIL S.A.;Grande;Vivo;SP
05/10/2022;Reclamação;Velocidade;Velocidade abaixo do contratado;Respondida;SCM;Tim Celular;Grande;TIM Group;BA
16/12/2023;Reclamação;Contrato;Cancelamento não realizado;Em Andamento;SCM;OI S.A.;Grande;Oi;RJ
27/05/2022;Reclamação;Cobrança;Cobrança indevida;Respondida;SCM;CLARO S.A.;Grande;Claro;PA
12/08/2022;Reclamação;Velocidade;Velocidade abaixo do contratado;Não Respondida;SCM;CLARO S.A.;Grande;Claro;BA
23/06/2022;Reclamação;Falha;Falha/Interrupção do serviço;Respondida;SCM;TIM CELULAR;Grande;TIM Group;RN
14/03/2023;Reclamação;Velocidade;Velocidade abaixo do contratado;Em Andamento;SCM;TIM CELULAR;Grande;TIM Group;SC
01/05/2022;Reclamação;Velocidade;Velocidade abaixo do contratado;Respondida;SCM;TIM CELULAR;Grande;TIM Group;MA
24/10/2022;Reclamação;Atendimento;Atendimento inadequado;Respondida;SCM;TELEFONICA BRASIL S.A.;Grande;Vivo;MA
19/04/2022;Reclamação;Velocidade;Velocidade abaixo do contratado;Respondida;SCM;CLARO S.A.;Grande;Claro;SC
12/09/2023;Reclamação;Cobrança;Cobrança indevida;Respondida;SCM;TIM CELULAR;Grande;TIM Group;MS
01/02/2022;Reclamação;Cobrança;Cobrança indevida;Respondida;SCM;OI S.A.;Grande;Oi;CE
21/06/2023;Reclamação;Outros;Outros;Não Respondida;SCM;TELEFONICA BRASIL S.A.;Grande;Vivo;RS
15/10/2023;Reclamação;Velocidade;Velocidade abaixo do contratado;Respondida;SCM;TIM CELULAR;Grande;TIM Group;SC
11/07/2023;Reclamação;Cobrança;Cobrança indevida;Não Respondida;SCM;OI S.A.;Grande;Oi;PA
18/11/2022;Reclamação;Cobrança;Cobrança indevida;Não Respondida;SCM;OI S.A.;Grande;Oi;SP
25/10/2022;Reclamação;Velocidade;Velocidade abaixo do contratado;Respondida;SCM;EMBRATEL S.A.;Grande;Claro;BA
16/09/2022;Reclamação;Instalação;Prazo de instalação excedido;Não Respondida;SCM;CLARO S.A.;NÃO INFORMADO;Claro;ES
04/10/2023;Reclamação;Velocidade; ;Respondida;SCM;CLARO S.A.;Grande;Claro;RJ
22/01/2023;Reclamação;Cobrança;Cobrança indevida;Em Andamento;SCM;NET SERVIÇOS DE COMUNICAÇÃO S.A.;Grande;Claro;AL
04/01/2023;Reclamação;Contrato;Cancelamento não realizado;Respondida;SCM;TIM CELULAR;Grande;TIM Group;BA
21/01/2022;Reclamação;Atendimento;Atendimento inadequado;Respondida;SCM;CLARO S.A.;Grande;Claro;BA
27/03/2023;Reclamação;Contrato;Cancelamento não realizado;Não Respondida;SCM;TELEFONICA BRASIL S.A.;Grande;Vivo;PR
14/09/2023;Reclamação;Falha;Falha/Interrupção do serviço;Em Andamento;SCM;TELEFONICA BRASIL S.A.;Grande;Vivo;SP
04/10/2023;Reclamação;Cobrança;Cobrança indevida;Respondida;SCM;TIM CELULAR;Grande; ;RN
14/03/2023;Reclamação;Cobrança;Cobrança indevida;Respondida;SCM;TELEFONICA BRASIL S.A.;Grande;Vivo;RJ
26/09/2023;Reclamação;Instalação;Prazo de instalação excedido;Respondida;SCM;NET SERVIÇOS DE COMUNICAÇÃO S.A.;Grande;Claro;PB
18/04/2023;Reclamação;Cobrança;Cobrança indevida;Em Andamento;SCM;TELEFONICA BRASIL S.A.;Grande;Vivo;CE
17/12/2023;Reclamação;Falha;Falha/Interrupção do serviço;Respondida;SCM;EMBRATEL S.A.;Grande;Claro;MA
24/10/2022;Reclamação;Cobrança;Cobrança indevida;Respondida;SCM;TELEFONICA BRASIL S.A.;Grande;-;PA
03/06/2022;Reclamação;Falha;Falha/Interrupção do serviço;Respondida;SCM;TIM CELULAR;Grande;TIM Group;SP
02/12/2022;Reclamação;Falha; ;Não Respondida;SCM;TIM CELULAR;Grande;TIM Group;RO
28/10/2022;Reclamação;Cobrança;Cobrança indevida;Em Andamento;SCM;TELEFONICA BRASIL S.A.;Grande;Vivo;PA
27/04/2022;Reclamação;Falha;Falha/Interrupção do serviço;Não Respondida;SCM;TELEFONICA BRASIL S.A.;Grande;Vivo;BA
21/12/2023;Reclamação;Instalação;Prazo de instalação excedido;Em Andamento;SCM;CLARO S.A.;Grande;Claro;SP
18/12/2023;Reclamação;Cobrança;Cobrança indevida;Respondida;SCM;EMBRATEL S.A.;Grande;Claro;AC
27/12/2022;Reclamação;Falha;Falha/Interrupção do serviço;Respondida;SCM;CLARO S.A.;Grande;Claro;SP
01/06/2022;Reclamação;Cobrança;Cobrança indevida;Respondida;SCM;TELEFONICA BRASIL S.A.;Grande;Vivo;SP
10/02/2022;Reclamação;Velocidade;Velocidade abaixo do contratado;Não Respondida;SCM;OI S.A.;Grande;Oi;SP
23/10/2022;Reclamação;Cobrança;Cobrança indevida;Respondida;SCM;Embratel S.A.;Grande;Claro;CE
06/11/2022;Reclamação;N/A;Cobrança indevida;Em Andamento;SCM;EMBRATEL S.A.;Grande;Claro;PR
22/03/2023;Reclamação;Cobrança;Cobrança indevida;Respondida;SCM;TIM CELULAR;Grande;TIM Group;SP
24/01/2022;Reclamação;Cobrança;Cobrança indevida;Em Andamento;SCM;CLARO S.A.;Grande;Claro;MG
19/04/2022;Reclamação;Cobrança;Cobrança indevida;Respondida;SCM;EMBRATEL S.A.;Grande;Claro;SP
06/12/2023;Reclamação;Falha;Falha/Interrupção do serviço;Respondida;SCM;CLARO S.A.;Grande;Claro;RJ
31/08/2023;Reclamação;Velocidade;Velocidade abaixo do contratado;Em Andamento;SCM;CLARO S.A.;Grande;Claro;PR
07/11/2022;Reclamação;Cobrança;N/A;Em Andamento;SCM;CLARO S.A.;Grande;Claro;SP
16/04/2023;Reclamação;Contrato;Cancelamento não realizado;Respondida;SCM;Telefonica Brasil S.A.;NÃO INFORMADO;Vivo;SP
20/12/2023;Reclamação;Velocidade;Velocidade abaixo do contratado;Respondida;SCM;TIM CELULAR;Grande;TIM Group;RJ
10/10/2022;Reclamação;Velocidade;Velocidade abaixo do contratado;Respondida;SCM;TIM CELULAR;Grande;TIM Group;MG
01/06/2023;Reclamação;Cobrança;Cobrança indevida;Respondida;SCM;Tim Celular;Grande;TIM Group;RJ
04/12/2023;Reclamação;Velocidade;Velocidade abaixo do contratado;Não Respondida;SCM;TIM CELULAR;Grande;TIM Group;SC
22/08/2023;Reclamação;Cobrança; ;Em Andamento;SCM;TELEFONICA BRASIL S.A.;Grande;Vivo;SP
28/07/2022;Reclamação;Velocidade;Velocidade abaixo do contratado;Em Andamento;SCM;TELEFONICA BRASIL S.A.;Grande;Vivo;BA
19/01/2022;Reclamação;Velocidade;Velocidade abaixo do contratado;Respondida;SCM;TELEFONICA BRASIL S.A.;Grande;Vivo;PR
05/05/2022;Reclamação;Cobrança;-;Respondida;SCM;TELEFONICA BRASIL S.A.;Grande;Vivo;SP
21/10/2022;Reclamação;Velocidade;Velocidade abaixo do contratado;Respondida;SCM;TIM CELULAR;Grande;TIM Group;PE
21/04/2022;Reclamação;Atendimento;Atendimento inadequado;Em Andamento;SCM;TIM CELULAR;Grande;TIM Group;SP
24/11/2022;Reclamação;Contrato;Cancelamento não realizado;Não Respondida;SCM;OI S.A.;Grande;Oi;MA
23/12/2023;Reclamação;Velocidade;Velocidade abaixo do contratado;Respondida;SCM;Oi S.A.;Grande;Oi;AM
02/07/2022;Reclamação;Cobrança;Cobrança indevida;Respondida;SCM;CLARO S.A.;Grande;Claro;SP
11/02/2023;Reclamação;Velocidade;Velocidade abaixo do contratado;Respondida;SCM;OI S.A.;Grande;Oi;SP
08/09/2022;Reclamação;Falha;Falha/Interrupção do serviço;Não Respondida;SCM;CLARO S.A.;Grande;Claro;SP
19/05/2023;Reclamação;Velocidade;Velocidade abaixo do contratado;Respondida;SCM;TIM CELULAR;Grande;TIM Group;AM
25/03/2022;Reclamação;Contrato;Cancelamento não realizado;Respondida;SCM;TELEFONICA BRASIL S.A.;Grande;Vivo;PB
29/07/2023;Reclamação;Velocidade;Velocidade abaixo do contratado;Respondida;SCM;Claro S.A.;Grande;Claro;RJ
12/01/2022;Reclamação;Falha;Falha/Interrupção do serviço;Respondida;SCM;TELEFONICA BRASIL S.A.;Grande;Vivo;MS
29/03/2023;Reclamação;Velocidade;Velocidade abaixo do contratado;Respondida;SCM;EMBRATEL S.A.;Grande;Claro;PR
17/12/2022;Reclamação;Contrato;Cancelamento não realizado;Respondida;SCM;TIM CELULAR;Grande;TIM Group;SP
03/08/2023;Reclamação;Falha;Falha/Interrupção do serviço;Não Respondida;SCM;TELEFONICA BRASIL S.A.;Grande;Vivo;PI
21/08/2023;Reclamação;Velocidade;Velocidade abaixo do contratado;Respondida;SCM;OI S.A.;Grande;Oi;SP
25/12/2022;Reclamação;Cobrança;Cobrança indevida;Respondida;SCM;CLARO S.A.;Grande;Claro;PE
10/02/2023;Reclamação;Falha;Falha/Interrupção do serviço;Respondida;SCM;TELEFONICA BRASIL S.A.;Grande;Vivo;PE
03/05/2022;Reclamação; ;Atendimento inadequado;Respondida;SCM;EMBRATEL S.A.;Grande;Claro;MA
15/02/2023;Reclamação;Velocidade;Velocidade abaixo do contratado;Em Andamento;SCM;TELEFONICA BRASIL S.A.;Grande;Vivo;PB
05/02/2023;Reclamação;Falha;Falha/Interrupção do serviço;Respondida;SCM;NET SERVIÇOS DE COMUNICAÇÃO S.A.;Grande;Claro;MG
18/01/2022;Reclamação;Atendimento;Atendimento inadequado;Respondida;SCM;Embratel S.A.;Grande;Claro;AM
18/10/2023;Reclamação;Velocidade;Velocidade abaixo do contratado;Respondida;SCM;Telefonica Brasil S.A.;Grande;Vivo;SP
02/04/2022;Reclamação;Outros;Outros;Respondida;SCM;CLARO S.A.;Grande;Claro;GO
08/06/2022;Reclamação;Atendimento;Atendimento inadequado;Respondida;SCM;TELEFONICA BRASIL S.A.;Grande;Vivo;RS
10/10/2022;Reclamação;Atendimento;Atendimento inadequado;Não Respondida;SCM;CLARO S.A.;Grande;NÃO INFORMADO;BA
26/01/2023;Reclamação;Velocidade;Velocidade abaixo do contratado;Respondida;SCM;OI S.A.;Grande;Oi;MG
15/01/2023;Reclamação;Cobrança;Cobrança indevida;Respondida;SCM;CLARO S/A;Grande;Claro;SC
01/11/2023;Reclamação;Velocidade;Velocidade abaixo do contratado;Respondida;SCM;CLARO S.A.;Grande;Claro;BA
19/01/2023;Reclamação;Contrato;Cancelamento não realizado;Respondida;SCM;Embratel S.A.;Grande;Claro;RJ
26/12/2023;Reclamação;Atendimento;Atendimento inadequado;Respondida;SCM;TIM CELULAR;Grande;TIM Group;RN
28/01/2023;Reclamação;Falha;Falha/Interrupção do serviço;Respondida;SCM;CLARO S.A.;Grande;Claro;MS
28/07/2022;Reclamação;Velocidade;Velocidade abaixo do contratado;Respondida;SCM;CLARO S/A;Grande;Claro;MG
03/10/2022;Reclamação;Cobrança;Cobrança indevida;Respondida;SCM;TIM CELULAR;Grande;TIM Group;CE
10/03/2022;Reclamação;-;Falha/Interrupção do serviço;Respondida;SCM;EMBRATEL S.A.;Grande;Claro;ES
07/04/2022;Reclamação;Velocidade;Velocidade abaixo do contratado;Respondida;SCM;TIM CELULAR;Grande;TIM Group;BA
11/12/2023;Reclamação;Cobrança;Cobrança indevida;Não Respondida;SCM;TELEFONICA BRASIL S.A.;Grande;Vivo;PE
12/03/2022;Reclamação;Atendimento;Atendimento inadequado;Respondida;SCM;CLARO S.A.;Grande;Claro;GO
19/07/2023;Reclamação;Contrato;Cancelamento não realizado;Respondida;SCM;CLARO S.A.;Grande;Claro;PA
10/08/2022;Reclamação; ;Cobrança indevida;Respondida;SCM;TELEFONICA BRASIL S.A.;Grande;Vivo;PR
28/12/2022;Reclamação;Falha;Falha/Interrupção do serviço;Respondida;SCM;TELEFONICA BRASIL S.A.;Grande;Vivo;SP
02/01/2022;Reclamação;Falha;Falha/Interrupção do serviço;Em Andamento;SCM;CLARO S.A.;Grande;Claro;PE
08/07/2023;Reclamação;Falha;Falha/Interrupção do serviço;Não Respondida;SCM;TIM CELULAR;Grande;TIM Group;CE
21/06/2022;Reclamação;Velocidade;Velocidade abaixo do contratado;Respondida;SCM;CLARO S.A.;Grande;Claro;RJ
24/07/2022;Reclamação;Falha;Falha/Interrupção do serviço;Respondida;SCM;TIM CELULAR;Grande;TIM Group;BA
13/11/2022;Reclamação;Velocidade;Velocidade abaixo do contratado;Não Respondida;SCM;OI S.A.;Grande;Oi;RJ
07/04/2022;Reclamação;Falha;Falha/Interrupção do serviço;Respondida;SCM;EMBRATEL S.A.;Grande;Claro;SP
16/07/2022;Reclamação;Velocidade;Velocidade abaixo do contratado;Respondida;SCM;NET SERVIÇOS DE COMUNICAÇÃO S.A.;Grande;Claro;PA
31/10/2022;Reclamação;Cobrança;Cobrança indevida;Respondida;SCM;TELEFONICA BRASIL S.A.;Grande;N/A;PE
11/09/2023;Reclamação;Falha;Falha/Interrupção do serviço;Não Respondida;SCM;TIM CELULAR;Grande;TIM Group;BA
01/06/2023;Reclamação;Cobrança;Cobrança indevida;Respondida;SCM;TELEFONICA BRASIL S.A.;Grande;Vivo;SP
16/09/2022;Reclamação;Velocidade;Velocidade abaixo do contratado;Respondida;SCM;TIM CELULAR;Grande;TIM Group;CE
21/03/2022;Reclamação;Cobrança;Cobrança indevida;Em Andamento;SCM;OI S.A.;Grande;Oi;SP
13/10/2023;Reclamação;Velocidade;Velocidade abaixo do contratado;Não Respondida;SCM;EMBRATEL S.A.;Grande;Claro;SP
01/11/2023;Reclamação;Cobrança;Cobrança indevida;Não Respondida;SCM;TELEFONICA BRASIL S.A.;Grande;Vivo;SP
18/11/2023;Reclamação;Falha;Falha/Interrupção do serviço;Respondida;SCM;TELEFONICA BRASIL S.A.;Grande;Vivo;RJ
15/04/2022;Reclamação;Falha;Falha/Interrupção do serviço;Não Respondida;SCM;EMBRATEL S.A.;Grande;Claro;AM
20/05/2023;Reclamação;Velocidade;Velocidade abaixo do contratado;Respondida;SCM;TIM CELULAR;Grande;TIM Group;SP
20/05/2023;Reclamação;Atendimento;Atendimento inadequado;Em Andamento;SCM;OI S.A.;Grande;Oi;SP
01/04/2023;Reclamação;Falha;Falha/Interrupção do serviço;Respondida;SCM;TELEFONICA BRASIL S.A.;Grande;Vivo;CE
18/01/2022;Reclamação;Velocidade;Velocidade abaixo do contratado;Não Respondida;SCM;CLARO S.A.;Grande;Claro;BA
28/01/2023;Reclamação;Falha;Falha/Interrupção do serviço;Não Respondida;SCM;TELEFONICA BRASIL S.A.;Grande;N/A;RS
08/06/2023;Reclamação;Cobrança;Cobrança indevida;Não Respondida;SCM;NET SERVIÇOS DE COMUNICAÇÃO S.A.;Grande;Claro;RS
26/12/2023;Reclamação;Cobrança;Cobrança indevida;Respondida;SCM;TELEFONICA BRASIL S.A.;Grande;Vivo;SP
02/05/2023;Reclamação;Contrato;Cancelamento não realizado;Respondida;SCM;Claro S.A.;Grande;Claro;SP
13/01/2023;Reclamação;Velocidade;Velocidade abaixo do contratado;Respondida;SCM;Oi S.A.;N/A;Oi;SP
15/04/2023;Reclamação;Atendimento;Atendimento inadequado;Respondida;SCM;TIM CELULAR;Grande;TIM Group;BA
13/10/2023;Reclamação;Velocidade;Velocidade abaixo do contratado;Não Respondida;SCM;OI S.A.;Grande;Oi;ES
06/09/2022;Reclamação;Atendimento;Atendimento inadequado;Não Respondida;SCM;CLARO S.A.;Grande;Claro;GO
04/01/2022;Reclamação;Velocidade;Velocidade abaixo do contratado;Respondida;SCM;Telefonica Brasil S.A.;Grande;Vivo;MG
01/08/2022;Reclamação;Cobrança;Cobrança indevida;Respondida;SCM;CLARO S.A.;Grande;Claro;BA
26/01/2023;Reclamação;Instalação;Prazo de instalação excedido;Respondida;SCM;Telefonica Brasil S.A.;Grande;Vivo;SP
25/08/2023;Reclamação;Falha;Falha/Interrupção do serviço;Não Respondida;SCM;CLARO S.A.;Grande;Claro;RJ
10/08/2023;Reclamação;Cobrança;Cobrança indevida;Respondida;SCM;CLARO S.A.;Grande;Claro;ES
22/04/2023;Reclamação; ;Atendimento inadequado;Respondida;SCM;TIM CELULAR;Grande;TIM Group;SP
08/04/2023;Reclamação;Cobrança;Cobrança indevida;Respondida;SCM;NET SERVIÇOS DE COMUNICAÇÃO S.A.;Grande;Claro;SP
07/05/2022;Reclamação;Velocidade;Velocidade abaixo do contratado;Não Respondida;SCM;TIM CELULAR;Grande;TIM Group;RJ
29/05/2023;Reclamação;Contrato;Cancelamento não realizado;Respondida;SCM;CLARO S.A.;Grande;Claro;AM
15/10/2022;Reclamação;Atendimento;Atendimento inadequado;Respondida;SCM;CLARO S.A.;Grande;Claro;CE
01/03/2022;Reclamação;Velocidade;Velocidade abaixo do contratado;Em Andamento;SCM;CLARO S.A.;Grande;Claro;ES
23/09/2022;Reclamação;Velocidade;Velocidade abaixo do contratado;Respondida;SCM;Telefonica Brasil S.A.;Grande;Vivo;SP
20/04/2023;Reclamação;Velocidade;Velocidade abaixo do contratado;Respondida;SCM;TIM CELULAR;Grande;TIM Group;GO
20/01/2023;Reclamação;Velocidade;Velocidade abaixo do contratado;Respondida;SCM;TIM CELULAR;Grande;TIM Group;BA
12/07/2022;Reclamação;Instalação;Prazo de instalação excedido;Respondida;SCM;EMBRATEL S.A.;Grande;Claro;AL
23/02/2023;Reclamação;Instalação;Prazo de instalação excedido;Não Respondida;SCM;CLARO S.A.;Grande;Claro;SP
22/09/2022;Reclamação;Falha;Falha/Interrupção do serviço;Respondida;SCM;TIM CELULAR;Grande;TIM Group;PR
25/07/2023;Reclamação;Velocidade;Velocidade abaixo do contratado;Respondida;SCM;TIM CELULAR;Grande;TIM Group;SP
23/07/2023;Reclamação;Falha;Falha/Interrupção do serviço;Respondida;SCM;TELEFONICA BRASIL S.A.;Grande;Vivo;RS
27/07/2023;Reclamação; ;Prazo de instalação excedido;Respondida;SCM;NET SERVIÇOS DE COMUNICAÇÃO S.A.;Grande;Claro;BA
26/08/2023;Reclamação;Velocidade;Velocidade abaixo do contratado;Em Andamento;SCM;OI S.A.;Grande; ;PR
15/10/2023;Reclamação;Velocidade;Velocidade abaixo do contratado;Não Respondida;SCM;TELEFONICA BRASIL S.A.;Grande;Vivo;RJ
04/11/2023;Reclamação;Velocidade;Velocidade abaixo do contratado;Respondida;SCM;Telefonica Brasil S.A.;Grande;Vivo;SP
10/12/2023;Reclamação;Atendimento;Atendimento inadequado;Em Andamento;SCM;SERCOMTEL S.A.;Pequeno;Sercomtel;MS
14/01/2022;Reclamação;Cobrança;Cobrança indevida;Não Respondida;SCM;Telefonica Brasil S.A.;Grande;Vivo;GO
30/12/2023;Reclamação;Falha;Falha/Interrupção do serviço;Respondida;SCM;Telefonica Brasil S.A.;Grande;Vivo;ES
12/11/2023;Reclamação;Velocidade;Velocidade abaixo do contratado;Não Respondida;SCM;TELEFONICA BRASIL S.A.;Grande;Vivo;MA
18/07/2023;Reclamação;Velocidade;Velocidade abaixo do contratado;Respondida;SCM;NET SERVIÇOS DE COMUNICAÇÃO S.A.;Grande;Claro;MG
17/12/2022;Reclamação;Velocidade;Velocidade abaixo do contratado;Não Respondida;SCM;TIM CELULAR;Grande;TIM Group;CE
23/07/2022;Reclamação;Instalação;Prazo de instalação excedido;Respondida;SCM;OI S.A.;Grande;Oi;BA
24/03/2023;Reclamação;Velocidade;Velocidade abaixo do contratado;Respondida;SCM;CLARO S.A.;Grande;Claro;MA
20/08/2022;Reclamação;Velocidade;Velocidade abaixo do contratado;Respondida;SCM;CLARO S.A.;Grande;Claro;SP
11/06/2022;Reclamação;Velocidade;Velocidade abaixo do contratado;Respondida;SCM;CLARO S.A.;Grande;Claro;PE
04/11/2022;Reclamação;Contrato;Cancelamento não realizado;Em Andamento;SCM;TELEFONICA BRASIL S.A.;Grande;Vivo;RS
23/06/2022;Reclamação;Falha;Falha/Interrupção do serviço;Em Andamento;SCM;TIM CELULAR;Grande;TIM Group;SP
29/11/2023;Reclamação;Velocidade;-;Em Andamento;SCM;CLARO S.A.;Grande;Claro;MA
12/08/2023;Reclamação;Cobrança;Cobrança indevida;Respondida;SCM;CLARO S.A.;Grande;Claro;MG
30/04/2023;Reclamação;Velocidade;Velocidade abaixo do contratado;Não Respondida;SCM;TIM CELULAR;Grande;TIM Group;CE
22/07/2022;Reclamação;Atendimento;Atendimento inadequado;Em Andamento;SCM;TIM CELULAR;Grande;TIM Group;TO
12/10/2022;Reclamação;Velocidade;Velocidade abaixo do contratado;Respondida;SCM;TIM CELULAR;Grande;TIM Group;RJ
17/10/2023;Reclamação;Velocidade;NÃO INFORMADO;Respondida;SCM;EMBRATEL S.A.;Grande;Claro;MT
22/05/2022;Reclamação;Cobrança;Cobrança indevida;Respondida;SCM;TIM CELULAR;Grande;TIM Group;PA
30/11/2023;Reclamação;Falha;Falha/Interrupção do serviço;Não Respondida;SCM;TELEFONICA BRASIL S.A.;Grande;Vivo;PB
18/09/2022;Reclamação;Falha;Falha/Interrupção do serviço;Respondida;SCM;CLARO S.A.;Grande;Claro;CE
04/05/2023;Reclamação;Falha;Falha/Interrupção do serviço;Respondida;SCM;CLARO S.A.;Grande;Claro;ES
05/02/2022;Reclamação;Velocidade;Velocidade abaixo do contratado;Não Respondida;SCM;TELEFONICA BRASIL S.A.;Grande;Vivo;MT
14/08/2023;Reclamação;Cobrança;Cobrança indevida;Não Respondida;SCM;CLARO S/A;Grande;Claro;CE
27/03/2023;Reclamação;Instalação;Prazo de instalação excedido;Respondida;SCM;CLARO S.A.;Grande;Claro;MG
10/07/2022;Reclamação;Falha;Falha/Interrupção do serviço;Respondida;SCM;TIM CELULAR;Grande;TIM Group;RJ
06/12/2022;Reclamação;Velocidade;Velocidade abaixo do contratado;Respondida;SCM;TELEFONICA BRASIL S.A.;Grande;Vivo;RN
08/09/2022;Reclamação;Velocidade;Velocidade abaixo do contratado;Respondida;SCM;TELEFONICA BRASIL S.A.;Grande;Vivo;MG
31/03/2022;Reclamação;Falha;Falha/Interrupção do serviço;Respondida;SCM;CLARO S.A.;Grande;Claro;RO
18/03/2022;Reclamação;Falha;Falha/Interrupção do serviço;Respondida;SCM;TIM CELULAR;Grande;TIM Group;SP
10/11/2022;Reclamação;NÃO INFORMADO;Velocidade abaixo do contratado;Respondida;SCM;CLARO S.A.;Grande;Claro;SC
09/01/2022;Reclamação;Cobrança;Cobrança indevida;Respondida;SCM;CLARO S.A.;Grande;Claro;MT
03/01/2022;Reclamação;Falha;Falha/Interrupção do serviço;Respondida;SCM;OI S.A.;Grande;Oi;SP
12/12/2022;Reclamação;Falha;Falha/Interrupção do serviço;Em Andamento;SCM;SERCOMTEL S.A.;Pequeno;Sercomtel;RS
07/08/2023;Reclamação;Instalação;Prazo de instalação excedido;Respondida;SCM;TELEFONICA BRASIL S.A.;Grande;Vivo;SP
11/02/2022;Reclamação;Velocidade;Velocidade abaixo do contratado;Respondida;SCM;TELEFONICA BRASIL S.A.;Grande;Vivo;RO
14/01/2022;Reclamação;Velocidade;Velocidade abaixo do contratado;Respondida;SCM;EMBRATEL S.A.;Grande;Claro;BA
24/09/2023;Reclamação;Instalação;Prazo de instalação excedido;Respondida;SCM;CLARO S.A.;Grande;Claro;SP
29/08/2023;Reclamação;NÃO INFORMADO;Falha/Interrupção do serviço;Respondida;SCM;CLARO S.A.;Grande;Claro;RJ
29/08/2022;Reclamação;Velocidade;Velocidade abaixo do contratado;Respondida;SCM;EMBRATEL S.A.;Grande;Claro;SP
27/02/2023;Reclamação;Velocidade;Velocidade abaixo do contratado;Respondida;SCM;SERCOMTEL S.A.;Pequeno;N/A;RJ
15/05/2022;Reclamação;N/A;Velocidade abaixo do contratado;Não Respondida;SCM;TELEFONICA BRASIL S.A.;Grande;Vivo;ES
11/10/2022;Reclamação;Velocidade;Velocidade abaixo do contratado;Respondida;SCM;TELEFONICA BRASIL S.A.;Grande;Vivo;DF
11/07/2023;Reclamação;Cobrança;Cobrança indevida;Respondida;SCM;CLARO S.A.;Grande;Claro;RS
11/08/2023;Reclamação;Atendimento;Atendimento inadequado;Respondida;SCM;TELEFONICA BRASIL S.A.;Grande;Vivo;RS
11/01/2023;Reclamação;Atendimento;Atendimento inadequado;Respondida;SCM;NET SERVIÇOS DE COMUNICAÇÃO S.A.;Grande;Claro;SP
19/12/2023;Reclamação;Atendimento;Atendimento inadequado;Não Respondida;SCM;TELEFONICA BRASIL S.A.;Grande;Vivo;RJ
30/06/2023;Reclamação;Cobrança;Cobrança indevida;Respondida;SCM;CLARO S.A.;Grande;Claro;BA
13/12/2022;Reclamação;Velocidade;Velocidade abaixo do contratado;Respondida;SCM;TIM CELULAR;Grande;TIM Group;PA
30/01/2022;Reclamação;Atendimento;Atendimento inadequado;Respondida;SCM;OI S.A.;Grande;Oi;MA
03/03/2022;Reclamação;Cobrança;Cobrança indevida;Respondida;SCM;CLARO S.A.;Grande;Claro;SP
07/04/2023;Reclamação;Instalação;Prazo de instalação excedido;Respondida;SCM;CLARO S/A;Grande;Claro;RJ
12/12/2023;Reclamação;Velocidade;Velocidade abaixo do contratado;Em Andamento;SCM;EMBRATEL S.A.;Grande;Claro;CE
25/01/2022;Reclamação;Falha;Falha/Interrupção do serviço;Respondida;SCM;CLARO S.A.;Grande;Claro;MA
24/08/2022;Reclamação;Contrato;Cancelamento não realizado;Em Andamento;SCM;Embratel S.A.;Grande;Claro;SC
29/07/2022;Reclamação;Falha;Falha/Interrupção do serviço;Respondida;SCM;CLARO S.A.;Grande;Claro;BA
03/02/2023;Reclamação;Cobrança;Cobrança indevida;Não Respondida;SCM;TIM CELULAR;Grande;N/A;AM
01/11/2022;Reclamação;Falha;Falha/Interrupção do serviço;Não Respondida;SCM;OI S.A.;Grande;Oi;PR
08/12/2023;Reclamação;-;Cobrança indevida;Não Respondida;SCM;TELEFONICA BRASIL S.A.;Grande;Vivo;CE
26/08/2022;Reclamação;Atendimento;Atendimento inadequado;Respondida;SCM;TELEFONICA BRASIL S.A.;Grande;Vivo;RS
12/08/2022;Reclamação;Velocidade;Velocidade abaixo do contratado;Respondida;SCM;CLARO S.A.;Grande;Claro;SP
04/07/2022;Reclamação;Cobrança;N/A;Respondida;SCM;TELEFONICA BRASIL S.A.;Grande;Vivo;SP
01/08/2022;Reclamação;Velocidade;Velocidade abaixo do contratado;Respondida;SCM;NET SERVIÇOS DE COMUNICAÇÃO S.A.;Grande;Claro;MG
06/08/2023;Reclamação;Cobrança;Cobrança indevida;Respondida;SCM;NET SERVIÇOS DE COMUNICAÇÃO S.A.;Grande;Claro;SP
30/01/2023;Reclamação;Cobrança;Cobrança indevida;Respondida;SCM;CLARO S.A.;Grande;Claro;MG
16/07/2023;Reclamação;Cobrança;Cobrança indevida;Respondida;SCM;CLARO S.A.;Grande;Claro;SC
02/02/2022;Reclamação;Velocidade;Velocidade abaixo do contratado;Em Andamento;SCM;EMBRATEL S.A.;Grande;Claro;RO
08/01/2022;Reclamação;Atendimento;Atendimento inadequado;Respondida;SCM;CLARO S.A.;Grande;Claro;MG
11/03/2022;Reclamação;Velocidade;Velocidade abaixo do contratado;Respondida;SCM;Claro S/A;Grande;Claro;SP
10/06/2022;Reclamação;Cobrança;Cobrança indevida;Respondida;SCM;EMBRATEL S.A.;Grande;Claro;RJ
05/12/2022;Reclamação;Cobrança;Cobrança indevida;Não Respondida;SCM;TELEFONICA BRASIL S.A.;Grande;Vivo;RS
12/12/2023;Reclamação;Velocidade;Velocidade abaixo do contratado;Respondida;SCM;NET SERVIÇOS DE COMUNICAÇÃO S.A.;Grande;Claro;PA
18/07/2022;Reclamação;Instalação;Prazo de instalação excedido;Não Respondida;SCM;CLARO S.A.;Grande;Claro;RJ
09/05/2023;Reclamação;Falha;Falha/Interrupção do serviço;Respondida;SCM;CLARO S.A.;Grande;Claro;MA
15/05/2023;Reclamação;Contrato;-;Respondida;SCM;TIM CELULAR;Grande;TIM Group;PA
06/07/2022;Reclamação;Velocidade;Velocidade abaixo do contratado;Respondida;SCM;CLARO S.A.;Grande;Claro;MG
11/07/2022;Reclamação;Velocidade;Velocidade abaixo do contratado;Não Respondida;SCM;OI S.A.;Grande;Oi;SP
05/06/2022;Reclamação;Falha;Falha/Interrupção do serviço;Respondida;SCM;OI S.A.;Grande;Oi;SP
18/08/2022;Reclamação;Cobrança;Cobrança indevida;Em Andamento;SCM;TIM CELULAR;Grande;TIM Group;PI
27/01/2023;Reclamação;Falha;Falha/Interrupção do serviço;Não Respondida;SCM;CLARO S.A.;Grande;Claro;MG
03/01/2023;Reclamação;Velocidade;Velocidade abaixo do contratado;Respondida;SCM;SERCOMTEL S.A.;Pequeno;Sercomtel;DF
01/07/2023;Reclamação;Cobrança;Cobrança indevida;Respondida;SCM;TELEFONICA BRASIL S.A.;Grande;Vivo;BA
19/09/2023;Reclamação;Velocidade;Velocidade abaixo do contratado;Respondida;SCM;TELEFONICA BRASIL S.A.;Grande;Vivo;MG
25/03/2022;Reclamação;Cobrança;-;Respondida;SCM;CLARO S.A.;Grande;Claro;SP
01/07/2023;Reclamação;Cobrança;Cobrança indevida;Em Andamento;SCM;EMBRATEL S.A.;Grande;Claro;PR
10/06/2023;Reclamação;Velocidade;Velocidade abaixo do contratado;Respondida;SCM;CLARO S/A;Grande;Claro;CE
14/11/2023;Reclamação;Atendimento;Atendimento inadequado;Em Andamento;SCM;NET SERVIÇOS DE COMUNICAÇÃO S.A.;Grande;Claro;RJ
25/10/2022;Reclamação;Velocidade;Velocidade abaixo do contratado;Respondida;SCM;TELEFONICA BRASIL S.A.;Grande;Vivo;SP
30/09/2023;Reclamação;Contrato;Cancelamento não realizado;Em Andamento;SCM;TIM CELULAR;Grande;TIM Group;GO
31/03/2022;Reclamação;Atendimento;Atendimento inadequado;Não Respondida;SCM;TIM CELULAR;Grande;TIM Group;RS
02/08/2022;Reclamação;Falha;Falha/Interrupção do serviço;Respondida;SCM;CLARO S.A.;Grande;Claro;MG
30/11/2023;Reclamação;Velocidade;Velocidade abaixo do contratado;Não Respondida;SCM;TIM CELULAR;Grande;TIM Group;RS
25/10/2022;Reclamação;Velocidade;Velocidade abaixo do contratado;Respondida;SCM;CLARO S.A.;Grande;Claro;SC
06/09/2022;Reclamação;Cobrança;Cobrança indevida;Respondida;SCM;CLARO S.A.;Grande;Claro;SP
17/05/2022;Reclamação;Cobrança;Cobrança indevida;Não Respondida;SCM;CLARO S.A.;Grande;Claro;PE
05/10/2023;Reclamação; ;Velocidade abaixo do contratado;Respondida;SCM;CLARO S.A.;Grande;Claro;SP
27/06/2023;Reclamação;Cobrança;Cobrança indevida;Respondida;SCM;TIM CELULAR;Grande;TIM Group;PR
11/02/2022;Reclamação;Cobrança;Cobrança indevida;Não Respondida;SCM;Oi S.A.;Grande;Oi;PI
01/06/2022;Reclamação;Cobrança;Cobrança indevida;Não Respondida;SCM;TELEFONICA BRASIL S.A.;Grande;Vivo;SP
19/06/2023;Reclamação;Velocidade;Velocidade abaixo do contratado;Em Andamento;SCM;TIM CELULAR;Grande;TIM Group;BA
18/06/2023;Reclamação;Cobrança;Cobrança indevida;Em Andamento;SCM;CLARO S.A.;Grande;Claro;PA
26/06/2023;Reclamação;Cobrança;Cobrança indevida;Não Respondida;SCM;CLARO S/A;Grande;Claro;GO
28/11/2023;Reclamação;Atendimento;Atendimento inadequado;Respondida;SCM;TELEFONICA BRASIL S.A.;Grande;Vivo;PI
27/04/2023;Reclamação;Contrato;Cancelamento não realizado;Respondida;SCM;CLARO S.A.;Grande;Claro;MT
19/12/2023;Reclamação;Instalação;Prazo de instalação excedido;Respondida;SCM;CLARO S/A;Grande;Claro;SP
13/05/2022;Reclamação;Velocidade;Velocidade abaixo do contratado;Em Andamento;SCM;TIM CELULAR;NÃO INFORMADO;TIM Group;MT
24/04/2022;Reclamação;Outros;Outros;Respondida;SCM;EMBRATEL S.A.;Grande;Claro;ES
28/08/2023;Reclamação;Velocidade;Velocidade abaixo do contratado;Respondida;SCM;TIM CELULAR;Grande;TIM Group;RO
25/03/2022;Reclamação;Falha;N/A;Respondida;SCM;CLARO S.A.;Grande;Claro;TO
26/06/2023;Reclamação;Contrato;Cancelamento não realizado;Não Respondida;SCM;TIM CELULAR;Grande;TIM Group;SP
02/07/2022;Reclamação;Falha;Falha/Interrupção do serviço;Respondida;SCM;OI S.A.;Grande;Oi;RN
26/03/2023;Reclamação;Velocidade;Velocidade abaixo do contratado;Não Respondida;SCM;CLARO S.A.;Grande;Claro;CE
29/04/2022;Reclamação;Cobrança;Cobrança indevida;Não Respondida;SCM;OI S.A.;Grande;Oi;RJ
13/04/2022;Reclamação;Cobrança;Cobrança indevida;Respondida;SCM;SERCOMTEL S.A.;Pequeno;Sercomtel;SP
27/08/2022;Reclamação;Falha;Falha/Interrupção do serviço;Respondida;SCM;CLARO S/A;Grande;Claro;ES
12/07/2023;Reclamação;Cobrança;Cobrança indevida;Em Andamento;SCM;TIM CELULAR;Grande;TIM Group;RS
24/11/2022;Reclamação;Velocidade;Velocidade abaixo do contratado;Respondida;SCM;Oi S.A.;Grande;Oi;BA
24/10/2022;Reclamação;Velocidade;Velocidade abaixo do contratado;Não Respondida;SCM;SERCOMTEL S.A.;Pequeno;Sercomtel;AL
30/06/2023;Reclamação;Falha;Falha/Interrupção do serviço;Respondida;SCM;TIM CELULAR;Grande;TIM Group;SP
07/06/2023;Reclamação;Velocidade;Velocidade abaixo do contratado;Respondida;SCM;OI S.A.;Grande;Oi;PE
30/10/2023;Reclamação;Velocidade;Velocidade abaixo do contratado;Respondida;SCM;CLARO S/A;Grande;Claro;AM
09/09/2023;Reclamação;Atendimento;Atendimento inadequado;Não Respondida;SCM;EMBRATEL S.A.;Grande;Claro;SP
06/09/2023;Reclamação;Contrato;Cancelamento não realizado;Não Respondida;SCM;TELEFONICA BRASIL S.A.;Grande;Vivo;MA
07/07/2023;Reclamação;Velocidade;Velocidade abaixo do contratado;Respondida;SCM;CLARO S.A.;Grande;Claro;RN
22/03/2022;Reclamação;Atendimento;Atendimento inadequado;Respondida;SCM;TELEFONICA BRASIL S.A.;Grande;Vivo;PR
14/07/2022;Reclamação;Outros;Outros;Respondida;SCM;TELEFONICA BRASIL S.A.;Grande;Vivo;PR
05/06/2022;Reclamação;Cobrança;Cobrança indevida;Não Respondida;SCM;CLARO S.A.;Grande;Claro;PR
14/08/2022;Reclamação;Cobrança;Cobrança indevida;Respondida;SCM;CLARO S.A.;Grande;Claro;RS
26/06/2022;Reclamação;Atendimento;Atendimento inadequado;Não Respondida;SCM;OI S.A.;Grande;Oi;CE
12/06/2023;Reclamação;Cobrança;Cobrança indevida;Respondida;SCM;CLARO S/A;Grande;Claro;BA
06/07/2023;Reclamação;Contrato;Cancelamento não realizado;Respondida;SCM;EMBRATEL S.A.;Grande;Claro;DF
05/07/2022;Reclamação;Velocidade;Velocidade abaixo do contratado;Respondida;SCM;OI S.A.;Grande;Oi;PE
21/11/2022;Reclamação;Velocidade;Velocidade abaixo do contratado;Respondida;SCM;CLARO S.A.;Grande;Claro;RS
30/01/2023;Reclamação;Outros;Outros;Respondida;SCM;NET SERVIÇOS DE COMUNICAÇÃO S.A.;Grande;Claro;PA
09/10/2023;Reclamação;Contrato;Cancelamento não realizado;Respondida;SCM;TIM CELULAR;Grande;TIM Group;PE
07/06/2022;Reclamação;Cobrança;Cobrança indevida;Não Respondida;SCM;CLARO S.A.;Grande;Claro;PB
27/01/2023;Reclamação;N/A;Prazo de instalação excedido;Respondida;SCM;CLARO S.A.;Grande;Claro;PA
05/11/2023;Reclamação;Falha;Falha/Interrupção do serviço;Respondida;SCM;TELEFONICA BRASIL S.A.;Grande;Vivo;BA
18/11/2022;Reclamação;Instalação;Prazo de instalação excedido;Respondida;SCM;CLARO S.A.;Grande;Claro;BA
19/12/2023;Reclamação;Velocidade;Velocidade abaixo do contratado;Não Respondida;SCM;CLARO S.A.;Grande;Claro;RJ
12/08/2022;Reclamação;Velocidade;Velocidade abaixo do contratado;Não Respondida;SCM;CLARO S.A.;Grande;Claro;PR
22/10/2022;Reclamação;Falha;Falha/Interrupção do serviço;Em Andamento;SCM;OI S.A.;Grande;Oi;SC
01/03/2022;Reclamação;Instalação;Prazo de instalação excedido;Respondida;SCM;TIM CELULAR;Grande;TIM Group;SP
18/01/2023;Reclamação;Cobrança;Cobrança indevida;Respondida;SCM;TELEFONICA BRASIL S.A.;Grande;Vivo;PE
20/02/2022;Reclamação;Velocidade;Velocidade abaixo do contratado;Não Respondida;SCM;TELEFONICA BRASIL S.A.;Grande;Vivo;PR
22/07/2022;Reclamação;Cobrança;Cobrança indevida;Em Andamento;SCM;TELEFONICA BRASIL S.A.;Grande;Vivo;SP
27/09/2023;Reclamação;Falha;Falha/Interrupção do serviço;Respondida;SCM;CLARO S.A.;Grande;Claro;PR
02/04/2022;Reclamação;Cobrança;Cobrança indevida;Respondida;SCM;CLARO S.A.;Grande;Claro;CE
27/10/2022;Reclamação;Falha;Falha/Interrupção do serviço;Respondida;SCM;OI S.A.;Grande;Oi;PE
30/08/2022;Reclamação;Atendimento;Atendimento inadequado;Não Respondida;SCM;NET SERVIÇOS DE COMUNICAÇÃO S.A.;Grande;Claro;GO
12/06/2022;Reclamação;Velocidade;Velocidade abaixo do contratado;Não Respondida;SCM;TELEFONICA BRASIL S.A.;Grande;Vivo;MG
07/04/2022;Reclamação;Velocidade;Velocidade abaixo do contratado;Respondida;SCM;NET SERVIÇOS DE COMUNICAÇÃO S.A.;Grande;Claro;RJ
19/05/2023;Reclamação;Velocidade;Velocidade abaixo do contratado;Respondida;SCM;CLARO S/A;Grande;Claro;MG
03/08/2023;Reclamação;Cobrança;Cobrança indevida;Respondida;SCM;Embratel S.A.;Grande;Claro;MT
24/05/2022;Reclamação;Falha;Falha/Interrupção do serviço;Respondida;SCM;CLARO S.A.;Grande;Claro;AM
25/12/2022;Reclamação;Velocidade;Velocidade abaixo do contratado;Respondida;SCM;TELEFONICA BRASIL S.A.;Grande;Vivo;RO
02/11/2022;Reclamação;Falha;NÃO INFORMADO;Respondida;SCM;NET SERVIÇOS DE COMUNICAÇÃO S.A.;Grande;Claro;SP
07/02/2023;Reclamação;Velocidade;Velocidade abaixo do contratado;Respondida;SCM;TELEFONICA BRASIL S.A.;Grande;Vivo;PR
21/01/2023;Reclamação;Velocidade;Velocidade abaixo do contratado;Respondida;SCM;TIM CELULAR;Grande;TIM Group;SP
21/07/2023;Reclamação;Falha;Falha/Interrupção do serviço;Em Andamento;SCM;CLARO S.A.;Grande;Claro;SP
30/04/2022;Reclamação;Atendimento;Atendimento inadequado;Respondida;SCM;CLARO S.A.;Grande;Claro;ES
19/07/2023;Reclamação;Outros;Outros;Respondida;SCM;CLARO S.A.;Grande;Claro;MS
07/11/2022;Reclamação;Velocidade;Velocidade abaixo do contratado;Respondida;SCM;TIM CELULAR;Grande;TIM Group;SP
17/08/2022;Reclamação;Velocidade;Velocidade abaixo do contratado;Respondida;SCM;CLARO S.A.;Grande;Claro;SP
31/05/2022;Reclamação;Cobrança;Cobrança indevida;Respondida;SCM;TIM CELULAR;Grande;TIM Group;PE
17/03/2022;Reclamação;Falha;Falha/Interrupção do serviço;Respondida;SCM;Claro S/A;Grande;Claro;BA
06/08/2023;Reclamação;Velocidade;N/A;Respondida;SCM;TIM CELULAR;Grande;TIM Group;SP
16/02/2022;Reclamação;Velocidade;Velocidade abaixo do contratado;Não Respondida;SCM;Claro S.A.;Grande;Claro;PA
19/12/2022;Reclamação;Velocidade;Velocidade abaixo do contratado;Não Respondida;SCM;TIM CELULAR;Grande;TIM Group;PE
03/09/2023;Reclamação;Atendimento;Atendimento inadequado;Respondida;SCM;CLARO S.A.;Grande;Claro;RJ
05/10/2022;Reclamação;Velocidade; ;Respondida;SCM;EMBRATEL S.A.;Grande;Claro;RJ
23/01/2022;Reclamação;Atendimento;Atendimento inadequado;Respondida;SCM;CLARO S.A.;Grande;Claro;TO
19/06/2022;Reclamação;Atendimento;Atendimento inadequado;Respondida;SCM;CLARO S.A.;Grande;Claro;GO
01/08/2022;Reclamação;Falha;Falha/Interrupção do serviço;Respondida;SCM;TIM CELULAR;Grande;TIM Group;SE
14/09/2023;Reclamação;Contrato;Cancelamento não realizado;Respondida;SCM;CLARO S.A.;Grande;Claro;MS
06/03/2023;Reclamação;Contrato;Cancelamento não realizado;Não Respondida;SCM;CLARO S.A.;Grande;Claro;DF
06/04/2022;Reclamação;Instalação;Prazo de instalação excedido;Respondida;SCM;OI S.A.;Grande;Oi;SP
05/11/2022;Reclamação;Atendimento;Atendimento inadequado;Respondida;SCM;TELEFONICA BRASIL S.A.;Grande;Vivo;RO
05/01/2023;Reclamação;Velocidade;Velocidade abaixo do contratado;Respondida;SCM;CLARO S.A.;Grande;Claro;SP
12/05/2023;Reclamação;Cobrança;Cobrança indevida;Em Andamento;SCM;EMBRATEL S.A.;Grande;Claro;SP
22/01/2022;Reclamação;Cobrança;Cobrança indevida;Em Andamento;SCM;CLARO S.A.;Grande;Claro;RS
24/08/2023;Reclamação;Falha;Falha/Interrupção do serviço;Respondida;SCM;NET SERVIÇOS DE COMUNICAÇÃO S.A.;Grande;Claro;SP
04/08/2023;Reclamação;Cobrança;Cobrança indevida;Em Andamento;SCM;CLARO S.A.;Grande;Claro;PA
15/05/2022;Reclamação;Cobrança;N/A;Respondida;SCM;EMBRATEL S.A.;Grande;Claro;SE
24/04/2022;Reclamação;Cobrança;Cobrança indevida;Respondida;SCM;TELEFONICA BRASIL S.A.;Grande;Vivo;MG
11/04/2023;Reclamação;Velocidade;Velocidade abaixo do contratado;Respondida;SCM;OI S.A.;Grande;Oi;SP
01/10/2022;Reclamação;NÃO INFORMADO;Velocidade abaixo do contratado;Respondida;SCM;TIM CELULAR;Grande;TIM Group;RJ
02/02/2022;Reclamação;Velocidade;Velocidade abaixo do contratado;Não Respondida;SCM;OI S.A.;Grande;Oi;MG
27/12/2022;Reclamação;Falha;Falha/Interrupção do serviço;Respondida;SCM;TELEFONICA BRASIL S.A.;Grande;Vivo;RJ
04/09/2023;Reclamação;Cobrança;Cobrança indevida;Respondida;SCM;NET SERVIÇOS DE COMUNICAÇÃO S.A.;Grande;Claro;PA
12/03/2022;Reclamação;Velocidade;NÃO INFORMADO;Respondida;SCM;TIM CELULAR;Grande;TIM Group;SC
02/07/2023;Reclamação;N/A;Falha/Interrupção do serviço;Respondida;SCM;EMBRATEL S.A.;Grande;Claro;SP
28/10/2023;Reclamação;Falha;Falha/Interrupção do serviço;Não Respondida;SCM;TELEFONICA BRASIL S.A.;Grande;Vivo;PR
03/08/2022;Reclamação;Atendimento;Atendimento inadequado;Respondida;SCM;TELEFONICA BRASIL S.A.;Grande;-;ES
31/03/2022;Reclamação;Atendimento;Atendimento inadequado;Respondida;SCM;EMBRATEL S.A.;Grande;Claro;RN
25/10/2023;Reclamação;Contrato;Cancelamento não realizado;Respondida;SCM;TELEFONICA BRASIL S.A.;Grande;Vivo;CE
13/10/2022;Reclamação;Velocidade;Velocidade abaixo do contratado;Respondida;SCM;Embratel S.A.;Grande;Claro;SP
10/04/2023;Reclamação;Velocidade;Velocidade abaixo do contratado;Respondida;SCM;CLARO S.A.;Grande;Claro;PR
19/07/2022;Reclamação;Instalação;Prazo de instalação excedido;Respondida;SCM;OI S.A.;Grande;Oi;PR
16/12/2022;Reclamação;Velocidade;Velocidade abaixo do contratado;Respondida;SCM;CLARO S.A.;Grande;Claro;RJ
01/10/2022;Reclamação;Velocidade;Velocidade abaixo do contratado;Respondida;SCM;OI S.A.;Grande;Oi;RJ
30/09/2023;Reclamação;Atendimento;Atendimento inadequado;Não Respondida;SCM;TELEFONICA BRASIL S.A.;Grande;Vivo;SC
08/09/2022;Reclamação;Cobrança;NÃO INFORMADO;Respondida;SCM;OI S.A.;Grande;Oi;PR
09/02/2022;Reclamação;Velocidade;Velocidade abaixo do contratado;Respondida;SCM;TELEFONICA BRASIL S.A.;Grande;Vivo;MG
03/08/2023;Reclamação;Cobrança;Cobrança indevida;Em Andamento;SCM;CLARO S.A.;Grande;Claro;SC
30/10/2023;Reclamação;Atendimento;Atendimento inadequado;Respondida;SCM;NET SERVIÇOS DE COMUNICAÇÃO S.A.;Grande;Claro;AP
12/03/2022;Reclamação;Instalação;Prazo de instalação excedido;Respondida;SCM;TELEFONICA BRASIL S.A.;Grande;Vivo;ES
28/05/2022;Reclamação;Velocidade;Velocidade abaixo do contratado;Não Respondida;SCM;TELEFONICA BRASIL S.A.;Grande;Vivo;RJ
06/02/2023;Reclamação;Velocidade;Velocidade abaixo do contratado;Respondida;SCM;OI S.A.;Grande;Oi;SE
01/08/2023;Reclamação;Cobrança;Cobrança indevida;Respondida;SCM;Tim Celular;Grande;TIM Group;RS
01/02/2023;Reclamação;Velocidade;Velocidade abaixo do contratado;Em Andamento;SCM;TELEFONICA BRASIL S.A.;Grande;Vivo;SC
26/02/2023;Reclamação;Velocidade;Velocidade abaixo do contratado;Respondida;SCM;CLARO S.A.;Grande;Claro;MG
01/09/2023;Reclamação;Velocidade;Velocidade abaixo do contratado;Respondida;SCM;EMBRATEL S.A.;Grande;Claro;PR
25/05/2022;Reclamação;Cobrança;Cobrança indevida;Respondida;SCM;TELEFONICA BRASIL S.A.;Grande;Vivo;MA
19/06/2022;Reclamação;Cobrança;Cobrança indevida;Respondida;SCM;TIM CELULAR;Grande;TIM Group;PA
09/05/2023;Reclamação;Cobrança;Cobrança indevida;Respondida;SCM;NET SERVIÇOS DE COMUNICAÇÃO S.A.;Grande;Claro;SP
27/01/2022;Reclamação;Falha;Falha/Interrupção do serviço;Respondida;SCM;TIM CELULAR;Grande;TIM Group;SP
26/05/2022;Reclamação;Velocidade;Velocidade abaixo do contratado;Respondida;SCM;CLARO S.A.;Grande;Claro;SP
08/09/2022;Reclamação;Falha;Falha/Interrupção do serviço;Respondida;SCM;TIM CELULAR;Grande;TIM Group;SP
02/03/2023;Reclamação;Contrato;Cancelamento não realizado;Respondida;SCM;TELEFONICA BRASIL S.A.;Grande;Vivo;DF
03/05/2023;Reclamação;Velocidade;Velocidade abaixo do contratado;Não Respondida;SCM;TELEFONICA BRASIL S.A.;Grande;Vivo;PA
23/05/2023;Reclamação;Cobrança;Cobrança indevida;Respondida;SCM;TIM CELULAR;Grande;TIM Group;PA
18/11/2022;Reclamação;Instalação;Prazo de instalação excedido;Respondida;SCM;CLARO S.A.;Grande;Claro;BA
18/06/2022;Reclamação;Instalação;Prazo de instalação excedido;Respondida;SCM;TELEFONICA BRASIL S.A.;Grande;Vivo;PE
07/03/2022;Reclamação;Velocidade;Velocidade abaixo do contratado;Respondida;SCM;TELEFONICA BRASIL S.A.;Grande;Vivo;PR
24/07/2022;Reclamação;Falha;Falha/Interrupção do serviço;Respondida;SCM;CLARO S.A.;Grande;Claro;BA
30/10/2023;Reclamação;Cobrança;Cobrança indevida;Respondida;SCM;CLARO S.A.;Grande;Claro;PR
20/04/2023;Reclamação;Falha;Falha/Interrupção do serviço;Respondida;SCM;TELEFONICA BRASIL S.A.;Grande;Vivo;TO
24/09/2022;Reclamação;Falha;Falha/Interrupção do serviço;Não Respondida;SCM;TELEFONICA BRASIL S.A.;Grande;NÃO INFORMADO;BA
20/07/2023;Reclamação;Atendimento;Atendimento inadequado;Não Respondida;SCM;TELEFONICA BRASIL S.A.;Grande;Vivo;MG
27/01/2023;Reclamação;Falha;Falha/Interrupção do serviço;Em Andamento;SCM;CLARO S.A.;Grande;Claro;SP
22/03/2022;Reclamação;Velocidade;NÃO INFORMADO;Respondida;SCM;Telefonica Brasil S.A.;Grande;Vivo;MT
29/09/2023;Reclamação;Atendimento;Atendimento inadequado;Respondida;SCM;CLARO S.A.;Grande;Claro;MG
09/05/2023;Reclamação;Velocidade;Velocidade abaixo do contratado;Respondida;SCM;CLARO S.A.;Grande;Claro;GO
28/10/2022;Reclamação;Velocidade;Velocidade abaixo do contratado;Em Andamento;SCM;TIM CELULAR;Grande;TIM Group;RJ
16/09/2022;Reclamação;Atendimento;Atendimento inadequado;Respondida;SCM;CLARO S.A.;Grande; ;SP
01/03/2023;Reclamação;Velocidade;Velocidade abaixo do contratado;Respondida;SCM;OI S.A.;Grande;Oi;SP
25/12/2023;Reclamação;Falha;Falha/Interrupção do serviço;Respondida;SCM;CLARO S.A.;Grande;Claro;SP
28/04/2023;Reclamação;Velocidade;Velocidade abaixo do contratado;Não Respondida;SCM;TELEFONICA BRASIL S.A.;Grande;Vivo;BA
13/12/2023;Reclamação;Velocidade;Velocidade abaixo do contratado;Em Andamento;SCM;TIM CELULAR;Grande;TIM Group;SC
10/06/2022;Reclamação;Velocidade;Velocidade abaixo do contratado;Respondida;SCM;EMBRATEL S.A.;Grande;Claro;SP
06/12/2023;Reclamação;Contrato;Cancelamento não realizado;Em Andamento;SCM;SERCOMTEL S.A.;Pequeno;Sercomtel;MG
26/09/2023;Reclamação;Cobrança;Cobrança indevida;Respondida;SCM;CLARO S.A.;NÃO INFORMADO;Claro;MG
09/08/2023;Reclamação;Velocidade;Velocidade abaixo do contratado;Respondida;SCM;TIM CELULAR;Grande;TIM Group;MG
28/08/2022;Reclamação;Falha;Falha/Interrupção do serviço;Respondida;SCM;TIM CELULAR;Grande;TIM Group;GO
08/07/2022;Reclamação;Velocidade;Velocidade abaixo do contratado;Respondida;SCM;TELEFONICA BRASIL S.A.;Grande;Vivo;SP
18/09/2023;Reclamação;Cobrança;Cobrança indevida;Não Respondida;SCM;CLARO S.A.;Grande;Claro;RS
01/06/2023;Reclamação;Atendimento; ;Respondida;SCM;TIM CELULAR;Grande;TIM Group;SP
24/09/2022;Reclamação;Cobrança;Cobrança indevida;Não Respondida;SCM;CLARO S.A.;Grande;N/A;PR
12/03/2022;Reclamação;Outros;Outros;Em Andamento;SCM;TELEFONICA BRASIL S.A.;Grande;Vivo;RN
16/06/2023;Reclamação;Velocidade;Velocidade abaixo do contratado;Respondida;SCM;TELEFONICA BRASIL S.A.;Grande;Vivo;SP
21/11/2023;Reclamação;Falha;Falha/Interrupção do serviço;Respondida;SCM;OI S.A.;Grande;Oi;BA
13/03/2023;Reclamação;Cobrança;Cobrança indevida;Respondida;SCM;CLARO S.A.;Grande;Claro;PR
09/05/2023;Reclamação;Falha;Falha/Interrupção do serviço;Não Respondida;SCM;NET SERVIÇOS DE COMUNICAÇÃO S.A.;Grande;Claro;TO
25/11/2022;Reclamação;Cobrança;Cobrança indevida;Respondida;SCM;EMBRATEL S.A.;NÃO INFORMADO;Claro;RR
18/05/2023;Reclamação;Contrato;Cancelamento não realizado;Respondida;SCM;CLARO S.A.;Grande;Claro;SP
13/06/2023;Reclamação;Falha;Falha/Interrupção do serviço;Respondida;SCM;CLARO S.A.;Grande;Claro;SP
20/05/2022;Reclamação;Falha;Falha/Interrupção do serviço;Respondida;SCM;OI S.A.;Grande;Oi;PR
10/01/2023;Reclamação;Falha;Falha/Interrupção do serviço;Em Andamento;SCM;TELEFONICA BRASIL S.A.;Grande;Vivo;RJ
16/05/2022;Reclamação;Atendimento;Atendimento inadequado;Não Respondida;SCM;CLARO S/A;Grande;Claro;MG
19/08/2022;Reclamação;Cobrança;Cobrança indevida;Respondida;SCM;CLARO S.A.;Grande;Claro;GO
16/09/2022;Reclamação;Velocidade;Velocidade abaixo do contratado;Respondida;SCM;CLARO S.A.;Grande;Claro;MS
06/05/2022;Reclamação;Contrato;Cancelamento não realizado;Não Respondida;SCM;OI S.A.;Grande;Oi;SP
25/10/2023;Reclamação;Velocidade;Velocidade abaixo do contratado;Respondida;SCM;Claro S.A.;Grande;Claro;PE
17/03/2023;Reclamação;Atendimento;Atendimento inadequado;Não Respondida;SCM;TELEFONICA BRASIL S.A.;Grande;Vivo;SP
14/04/2022;Reclamação;Falha;Falha/Interrupção do serviço;Respondida;SCM;TELEFONICA BRASIL S.A.;Grande;Vivo;RJ
06/09/2023;Reclamação;Cobrança;Cobrança indevida;Respondida;SCM;CLARO S.A.;Grande;Claro;SP
23/05/2022;Reclamação;Falha;Falha/Interrupção do serviço;Respondida;SCM;TELEFONICA BRASIL S.A.;Grande;Vivo;RN
10/03/2022;Reclamação;Falha;Falha/Interrupção do serviço;Não Respondida;SCM;EMBRATEL S.A.;Grande;Claro;SP
23/01/2023;Reclamação;Cobrança;Cobrança indevida;Respondida;SCM;CLARO S/A;Grande;Claro;RJ
06/01/2022;Reclamação;Velocidade;Velocidade abaixo do contratado;Respondida;SCM;TELEFONICA BRASIL S.A.;Grande;Vivo;RJ
11/01/2023;Reclamação;Outros;Outros;Não Respondida;SCM;OI S.A.;Grande;Oi;SP
19/05/2023;Reclamação;Velocidade;Velocidade abaixo do contratado;Respondida;SCM;CLARO S.A.;Grande;Claro;SP
01/12/2022;Reclamação;Velocidade;Velocidade abaixo do contratado;Respondida;SCM;CLARO S.A.;Grande;Claro;PE
01/09/2023;Reclamação;Cobrança;Cobrança indevida;Respondida;SCM;NET SERVIÇOS DE COMUNICAÇÃO S.A.;Grande;Claro;SP
28/06/2023;Reclamação;Contrato;N/A;Em Andamento;SCM;TELEFONICA BRASIL S.A.;Grande;Vivo;PE
29/01/2023;Reclamação;Velocidade;Velocidade abaixo do contratado;Respondida;SCM;CLARO S.A.;Grande;NÃO INFORMADO;ES
03/11/2023;Reclamação;Contrato;Cancelamento não realizado;Respondida;SCM;TIM CELULAR;Grande;TIM Group;RJ
30/12/2023;Reclamação;Cobrança;Cobrança indevida;Em Andamento;SCM;OI S.A.;Grande;Oi;PA
30/09/2022;Reclamação;Velocidade;Velocidade abaixo do contratado;Não Respondida;SCM;Claro S.A.;Grande;Claro;SP
11/10/2022;Reclamação;Cobrança;Cobrança indevida;Respondida;SCM;CLARO S.A.;Grande;Claro;MA
30/11/2022;Reclamação;Velocidade;Velocidade abaixo do contratado;Não Respondida;SCM;CLARO S.A.;Grande;Claro;MG
01/05/2023;Reclamação;Cobrança;Cobrança indevida;Respondida;SCM;TIM CELULAR;Grande;TIM Group;GO
21/10/2023;Reclamação;Falha;Falha/Interrupção do serviço;Respondida;SCM;TIM CELULAR;Grande;TIM Group;SP
03/07/2022;Reclamação;Falha;-;Não Respondida;SCM;CLARO S.A.;Grande;Claro;RJ
17/09/2022;Reclamação;Cobrança;NÃO INFORMADO;Respondida;SCM;TELEFONICA BRASIL S.A.;Grande;Vivo;MG
26/04/2023;Reclamação;Falha;Falha/Interrupção do serviço;Respondida;SCM;CLARO S.A.;Grande;Claro;PE
24/04/2023;Reclamação;Falha;Falha/Interrupção do serviço;Não Respondida;SCM;CLARO S.A.;Grande;Claro;RS
30/04/2022;Reclamação;Outros;Outros;Não Respondida;SCM;CLARO S.A.;Grande;Claro;PB
09/02/2023;Reclamação;Cobrança;Cobrança indevida;Respondida;SCM;CLARO S.A.;Grande;Claro;RJ
30/10/2022;Reclamação;Falha;Falha/Interrupção do serviço;Respondida;SCM;CLARO S.A.;Grande;Claro;SP
30/03/2022;Reclamação;Atendimento;Atendimento inadequado;Respondida;SCM;OI S.A.;Grande;Oi;CE
17/09/2022;Reclamação;Atendimento;Atendimento inadequado;Respondida;SCM;CLARO S.A.;Grande;Claro;PR
04/08/2023;Reclamação;Velocidade;Velocidade abaixo do contratado;Respondida;SCM;CLARO S.A.;Grande;Claro;SP
07/01/2022;Reclamação;Cobrança;Cobrança indevida;Respondida;SCM;TIM CELULAR;Grande;TIM Group;PE
06/08/2022;Reclamação;N/A;Cobrança indevida;Não Respondida;SCM;TELEFONICA BRASIL S.A.;Grande;Vivo;SP
23/07/2022;Reclamação;Velocidade;Velocidade abaixo do contratado;Não Respondida;SCM;TIM CELULAR;Grande;TIM Group;BA
08/10/2023;Reclamação; ;Velocidade abaixo do contratado;Não Respondida;SCM;TELEFONICA BRASIL S.A.;Grande;Vivo;BA
21/10/2022;Reclamação;Atendimento;Atendimento inadequado;Respondida;SCM;TIM CELULAR;Grande;TIM Group;SP
22/07/2023;Reclamação;Cobrança;Cobrança indevida;Respondida;SCM;OI S.A.;Grande;Oi;RJ
04/08/2022;Reclamação;Cobrança;Cobrança indevida;Respondida;SCM;TELEFONICA BRASIL S.A.;Grande;Vivo;PE
16/12/2022;Reclamação;Velocidade;Velocidade abaixo do contratado;Respondida;SCM;TELEFONICA BRASIL S.A.;Grande;Vivo;AP
11/11/2023;Reclamação;Instalação;Prazo de instalação excedido;Respondida;SCM;TELEFONICA BRASIL S.A.;Grande;Vivo;RR
19/10/2023;Reclamação;Velocidade;Velocidade abaixo do contratado;Respondida;SCM;CLARO S.A.;Grande;Claro;PE
01/03/2023;Reclamação;Velocidade;Velocidade abaixo do contratado;Respondida;SCM;TIM CELULAR;Grande;TIM Group;SP
18/07/2023;Reclamação;Velocidade;Velocidade abaixo do contratado;Respondida;SCM;CLARO S.A.;Grande;Claro;ES
25/05/2023;Reclamação;Cobrança;Cobrança indevida;Respondida;SCM;TELEFONICA BRASIL S.A.;Grande;Vivo;RS
24/10/2023;Reclamação;Velocidade;Velocidade abaixo do contratado;Respondida;SCM;CLARO S.A.;Grande;Claro;AC
04/02/2022;Reclamação;Velocidade;Velocidade abaixo do contratado;Em Andamento;SCM;CLARO S.A.;Grande;Claro;BA
05/02/2022;Reclamação;Velocidade;Velocidade abaixo do contratado;Respondida;SCM;TELEFONICA BRASIL S.A.;Grande;Vivo;RJ
01/04/2022;Reclamação;Atendimento;Atendimento inadequado;Respondida;SCM;CLARO S.A.;Grande;Claro;DF
20/07/2023;Reclamação;Cobrança;Cobrança indevida;Respondida;SCM;CLARO S/A;N/A;Claro;PE
28/10/2022;Reclamação;Velocidade;Velocidade abaixo do contratado;Não Respondida;SCM;CLARO S.A.;Grande;Claro;PR
14/10/2022;Reclamação;Falha;Falha/Interrupção do serviço;Em Andamento;SCM;TIM CELULAR;Grande;TIM Group;BA
04/02/2022;Reclamação;Velocidade;Velocidade abaixo do contratado;Respondida;SCM;OI S.A.;Grande;Oi;SP
12/01/2023;Reclamação;Falha;Falha/Interrupção do serviço;Não Respondida;SCM;CLARO S.A.;Grande;Claro;MA
13/07/2023;Reclamação;Velocidade;Velocidade abaixo do contratado;Em Andamento;SCM;TELEFONICA BRASIL S.A.;Grande;Vivo;PE
29/07/2023;Reclamação;Velocidade;Velocidade abaixo do contratado;Em Andamento;SCM;CLARO S.A.;Grande;Claro;RJ
04/03/2022;Reclamação;Velocidade;Velocidade abaixo do contratado;Respondida;SCM;CLARO S.A.;Grande;Claro;RS
28/05/2023;Reclamação;Velocidade;Velocidade abaixo do contratado;Respondida;SCM;TIM CELULAR;Grande;TIM Group;SP
04/07/2023;Reclamação;Falha;Falha/Interrupção do serviço;Respondida;SCM;CLARO S.A.;Grande;Claro;SP
16/11/2023;Reclamação;Velocidade;Velocidade abaixo do contratado;Não Respondida;SCM;OI S.A.;Grande;Oi;RJ
30/10/2023;Reclamação;Falha;Falha/Interrupção do serviço;Em Andamento;SCM;CLARO S/A;Grande;Claro;RJ
27/03/2022;Reclamação;Cobrança;Cobrança indevida;Respondida;SCM;OI S.A.;Grande;N/A;MA
08/07/2023;Reclamação;Cobrança;Cobrança indevida;Respondida;SCM;TIM CELULAR;Grande;NÃO INFORMADO;PR
26/08/2022;Reclamação;Velocidade;Velocidade abaixo do contratado;Respondida;SCM;SERCOMTEL S.A.;Pequeno;Sercomtel;RJ
29/03/2022;Reclamação;Velocidade;Velocidade abaixo do contratado;Não Respondida;SCM;CLARO S.A.;Grande;Claro;PE
30/11/2023;Reclamação;Falha;Falha/Interrupção do serviço;Em Andamento;SCM;SERCOMTEL S.A.;Pequeno;Sercomtel;PE
15/04/2022;Reclamação;Velocidade;Velocidade abaixo do contratado;Não Respondida;SCM;TELEFONICA BRASIL S.A.;Grande;Vivo;RJ
04/12/2023;Reclamação;Velocidade;Velocidade abaixo do contratado;Respondida;SCM;CLARO S.A.;Grande;Claro;MG
01/07/2023;Reclamação;Velocidade;Velocidade abaixo do contratado;Não Respondida;SCM;TIM CELULAR;Grande;TIM Group;SP
17/07/2022;Reclamação;Outros;Outros;Em Andamento;SCM;TIM CELULAR;Grande;TIM Group;SP
27/11/2023;Reclamação;Cobrança;Cobrança indevida;Respondida;SCM;OI S.A.;Grande;Oi;RJ
11/12/2023;Reclamação;Velocidade;Velocidade abaixo do contratado;Respondida;SCM;SERCOMTEL S.A.;Pequeno;Sercomtel;RO
28/03/2023;Reclamação;Velocidade;Velocidade abaixo do contratado;Não Respondida;SCM;OI S.A.;Grande;Oi;GO
26/03/2022;Reclamação;Falha;Falha/Interrupção do serviço;Respondida;SCM;OI S.A.;Grande;Oi;MG
22/03/2023;Reclamação;Atendimento;Atendimento inadequado;Respondida;SCM;OI S.A.;Grande;Oi;MA
08/10/2022;Reclamação;Atendimento;Atendimento inadequado;Respondida;SCM;TELEFONICA BRASIL S.A.;Grande;Vivo;PR
31/03/2023;Reclamação;Cobrança;Cobrança indevida;Respondida;SCM;OI S.A.;Grande;Oi;PB
25/12/2023;Reclamação;Atendimento;Atendimento inadequado;Respondida;SCM;CLARO S.A.;Grande;NÃO INFORMADO;SC
29/08/2022;Reclamação;Falha;Falha/Interrupção do serviço;Respondida;SCM;CLARO S.A.;Grande;Claro;RS
05/12/2022;Reclamação;Instalação;Prazo de instalação excedido;Respondida;SCM;NET SERVIÇOS DE COMUNICAÇÃO S.A.;Grande;Claro;MG
01/11/2023;Reclamação;Velocidade;Velocidade abaixo do contratado;Respondida;SCM;CLARO S.A.;Grande;Claro;AM
14/11/2023;Reclamação;Contrato;Cancelamento não realizado;Respondida;SCM;TIM CELULAR;Grande;TIM Group;PR
31/12/2023;Reclamação;Velocidade;Velocidade abaixo do contratado;Respondida;SCM;OI S.A.;Grande;Oi;PB
30/06/2022;Reclamação;Cobrança;Cobrança indevida;Respondida;SCM;TELEFONICA BRASIL S.A.;Grande;Vivo;AM
22/05/2023;Reclamação;Atendimento;Atendimento inadequado;Não Respondida;SCM;TIM CELULAR;Grande;TIM Group;SC
01/11/2023;Reclamação;Cobrança;Cobrança indevida;Respondida;SCM;CLARO S.A.;Grande;Claro;RJ
14/09/2023;Reclamação;Cobrança;Cobrança indevida;Não Respondida;SCM;TIM CELULAR;Grande;TIM Group;RN
20/07/2023;Reclamação;Instalação;Prazo de instalação excedido;Não Respondida;SCM;TELEFONICA BRASIL S.A.;Grande;Vivo;MG
16/04/2022;Reclamação;Velocidade;Velocidade abaixo do contratado;Respondida;SCM;OI S.A.;Grande;Oi;AL
16/05/2022;Reclamação;Falha;Falha/Interrupção do serviço;Respondida;SCM;CLARO S.A.;Grande;Claro;BA
06/04/2022;Reclamação;Contrato;Cancelamento não realizado;Respondida;SCM;TELEFONICA BRASIL S.A.;Grande;Vivo;MS
23/09/2022;Reclamação;Velocidade;Velocidade abaixo do contratado;Em Andamento;SCM;OI S.A.;Grande;Oi;RJ
12/12/2022;Reclamação;Velocidade;Velocidade abaixo do contratado;Em Andamento;SCM;TELEFONICA BRASIL S.A.;Grande;Vivo;RJ
03/12/2023;Reclamação;Velocidade;Velocidade abaixo do contratado;Respondida;SCM;CLARO S/A;Grande;Claro;RJ
18/03/2022;Reclamação;Velocidade;Velocidade abaixo do contratado;Respondida;SCM;CLARO S.A.;Grande;Claro;MG
18/09/2022;Reclamação;Cobrança;Cobrança indevida;Respondida;SCM;CLARO S.A.;Grande;Claro;DF
25/10/2023;Reclamação;Velocidade;Velocidade abaixo do contratado;Respondida;SCM;OI S.A.;Grande;Oi;MG
22/11/2022;Reclamação;Falha;Falha/Interrupção do serviço;Em Andamento;SCM;TIM CELULAR;Grande;TIM Group;MG
16/07/2022;Reclamação;Velocidade;Velocidade abaixo do contratado;Respondida;SCM;EMBRATEL S.A.;Grande;Claro;SP
25/06/2023;Reclamação;Falha;Falha/Interrupção do serviço;Não Respondida;SCM;TELEFONICA BRASIL S.A.;Grande;Vivo;BA
28/03/2023;Reclamação;Falha;Falha/Interrupção do serviço;Respondida;SCM;CLARO S.A.;Grande;Claro;SP
17/02/2023;Reclamação;Velocidade;Velocidade abaixo do contratado;Respondida;SCM;CLARO S.A.;Grande;Claro;RJ
29/04/2022;Reclamação;Velocidade;Velocidade abaixo do contratado;Respondida;SCM;CLARO S.A.;Grande;Claro;BA
05/12/2023;Reclamação;Velocidade;Velocidade abaixo do contratado;Respondida;SCM;CLARO S.A.;Grande;Claro;RJ
25/07/2022;Reclamação;Cobrança;Cobrança indevida;Respondida;SCM;TELEFONICA BRASIL S.A.;Grande;Vivo;MA
03/01/2022;Reclamação;Falha;Falha/Interrupção do serviço;Respondida;SCM;TELEFONICA BRASIL S.A.;Grande;Vivo;RS
05/09/2023;Reclamação;Velocidade;Velocidade abaixo do contratado;Respondida;SCM;CLARO S.A.;Grande;Claro;GO
26/12/2022;Reclamação;Velocidade;Velocidade abaixo do contratado;Respondida;SCM;Tim Celular;NÃO INFORMADO;TIM Group;RJ
07/07/2022;Reclamação;Velocidade;Velocidade abaixo do contratado;Respondida;SCM;TELEFONICA BRASIL S.A.;Grande;Vivo;ES
14/08/2023;Reclamação;Velocidade;Velocidade abaixo do contratado;Não Respondida;SCM;Sercomtel S.A.;Pequeno;Sercomtel;PR
07/07/2022;Reclamação;Velocidade;Velocidade abaixo do contratado;Respondida;SCM;CLARO S.A.;Grande;Claro;SP
23/10/2022;Reclamação;Outros;Outros;Não Respondida;SCM;Tim Celular;Grande;TIM Group;BA
18/05/2023;Reclamação;Cobrança;Cobrança indevida;Respondida;SCM;TELEFONICA BRASIL S.A.;Grande;Vivo;MG
19/02/2022;Reclamação;Falha;Falha/Interrupção do serviço;Respondida;SCM;TIM CELULAR;Grande;TIM Group;MA
02/01/2023;Reclamação;Velocidade;Velocidade abaixo do contratado;Respondida;SCM;TELEFONICA BRASIL S.A.;Grande;Vivo;MT
27/12/2022;Reclamação;Cobrança;NÃO INFORMADO;Respondida;SCM;CLARO S.A.;Grande;Claro;PA
03/09/2023;Reclamação;Falha;Falha/Interrupção do serviço;Não Respondida;SCM;Tim Celular;Grande;TIM Group;MG
24/05/2023;Reclamação;Velocidade;Velocidade abaixo do contratado;Respondida;SCM;EMBRATEL S.A.;Grande;Claro;DF
15/07/2022;Reclamação;Contrato;Cancelamento não realizado;Em Andamento;SCM;TELEFONICA BRASIL S.A.;Grande;Vivo;PE
29/03/2022;Reclamação;Velocidade;Velocidade abaixo do contratado;Respondida;SCM;OI S.A.;Grande;Oi;DF
12/07/2022;Reclamação;Velocidade;Velocidade abaixo do contratado;Não Respondida;SCM;TELEFONICA BRASIL S.A.;Grande;Vivo;SP
10/01/2022;Reclamação;Cobrança;Cobrança indevida;Respondida;SCM;OI S.A.;Grande;Oi;MT
30/12/2022;Reclamação;Falha;Falha/Interrupção do serviço;Respondida;SCM;Net Serviços De Comunicação S.A.;Grande;Claro;PR
13/09/2022;Reclamação;Contrato;Cancelamento não realizado;Respondida;SCM;CLARO S.A.;Grande;Claro;MT
17/11/2022;Reclamação;Velocidade;Velocidade abaixo do contratado;Respondida;SCM;TELEFONICA BRASIL S.A.;Grande;Vivo;SP
30/08/2023;Reclamação;Velocidade;Velocidade abaixo do contratado;Não Respondida;SCM;TELEFONICA BRASIL S.A.;Grande;Vivo;MA
05/01/2022;Reclamação;Velocidade;Velocidade abaixo do contratado;Respondida;SCM;CLARO S.A.;Grande;Claro;RS
22/01/2022;Reclamação;Velocidade;Velocidade abaixo do contratado;Respondida;SCM;EMBRATEL S.A.;Grande;Claro;PE
16/12/2022;Reclamação;Cobrança;Cobrança indevida;Respondida;SCM;TIM CELULAR;Grande;TIM Group;MG
14/03/2023;Reclamação;Falha;Falha/Interrupção do serviço;Respondida;SCM;TELEFONICA BRASIL S.A.;Grande;Vivo;RJ
12/02/2022;Reclamação;Velocidade;Velocidade abaixo do contratado;Respondida;SCM;TELEFONICA BRASIL S.A.;Grande;Vivo;RJ
17/10/2023;Reclamação;Outros;Outros;Não Respondida;SCM;TIM CELULAR;N/A;TIM Group;RJ
14/01/2023;Reclamação;Velocidade;Velocidade abaixo do contratado;Respondida;SCM;TELEFONICA BRASIL S.A.;Grande;Vivo;BA
07/04/2022;Reclamação;Cobrança;Cobrança indevida;Respondida;SCM;TIM CELULAR;Grande;TIM Group;SP
19/07/2022;Reclamação;Velocidade;Velocidade abaixo do contratado;Respondida;SCM;EMBRATEL S.A.;Grande;Claro;PE
12/03/2022;Reclamação;Velocidade;Velocidade abaixo do contratado;Em Andamento;SCM;CLARO S.A.;Grande;Claro;RJ
17/02/2023;Reclamação;Atendimento;Atendimento inadequado;Em Andamento;SCM;OI S.A.;Grande;Oi;MG
23/06/2023;Reclamação;Velocidade;Velocidade abaixo do contratado;Respondida;SCM;CLARO S.A.;Grande;Claro;SP
22/06/2023;Reclamação;Velocidade;Velocidade abaixo do contratado;Em Andamento;SCM;TELEFONICA BRASIL S.A.;Grande;Vivo;SP
28/03/2023;Reclamação;Atendimento;Atendimento inadequado;Respondida;SCM;NET SERVIÇOS DE COMUNICAÇÃO S.A.;Grande;Claro;MT
21/05/2022;Reclamação;Cobrança;Cobrança indevida;Respondida;SCM;TELEFONICA BRASIL S.A.;Grande;Vivo;MG
18/12/2023;Reclamação;Velocidade;Velocidade abaixo do contratado;Em Andamento;SCM;CLARO S.A.;Grande;Claro;RJ
22/11/2023;Reclamação;Cobrança;Cobrança indevida;Respondida;SCM;OI S.A.;Grande;Oi;AC
03/10/2022;Reclamação;Contrato;Cancelamento não realizado;Respondida;SCM;TELEFONICA BRASIL S.A.;Grande;Vivo;SC
20/04/2023;Reclamação;Contrato;Cancelamento não realizado;Respondida;SCM;TELEFONICA BRASIL S.A.;Grande;Vivo;GO
10/12/2022;Reclamação;Outros;Outros;Respondida;SCM;CLARO S.A.;Grande;Claro;SP
01/11/2022;Reclamação;Cobrança;Cobrança indevida;Em Andamento;SCM;TELEFONICA BRASIL S.A.;Grande;Vivo;MA
13/01/2022;Reclamação;Velocidade;Velocidade abaixo do contratado;Não Respondida;SCM; ;Grande;Oi;DF
08/08/2022;Reclamação;Outros;Outros;Respondida;SCM;CLARO S.A.;Grande;Claro;PB
15/12/2023;Reclamação;Falha;Falha/Interrupção do serviço;Respondida;SCM;Telefonica Brasil S.A.;Grande;Vivo;SE
01/01/2022;Reclamação;Cobrança;Cobrança indevida;Respondida;SCM;EMBRATEL S.A.;Grande;Claro;RJ
16/04/2022;Reclamação;Atendimento;Atendimento inadequado;Respondida;SCM;TIM CELULAR;Grande;TIM Group;AM
23/08/2023;Reclamação;Velocidade;Velocidade abaixo do contratado;Respondida;SCM;CLARO S/A;Grande;Claro;SP
29/09/2022;Reclamação;Cobrança;Cobrança indevida;Respondida;SCM;TIM CELULAR;Grande;TIM Group;MS
27/02/2022;Reclamação;Cobrança;Cobrança indevida;Respondida;SCM;CLARO S.A.;Grande;Claro;PE
05/01/2023;Reclamação;Contrato;Cancelamento não realizado;Respondida;SCM;NET SERVIÇOS DE COMUNICAÇÃO S.A.;Grande;Claro;PA
26/12/2023;Reclamação;Contrato;Cancelamento não realizado;Respondida;SCM;OI S.A.;Grande;Oi;CE
01/03/2023;Reclamação;Falha;Falha/Interrupção do serviço;Não Respondida;SCM;TIM CELULAR;Grande;TIM Group;RS
05/12/2022;Reclamação;Falha;Falha/Interrupção do serviço;Respondida;SCM;CLARO S.A.;Grande;Claro;SP
01/09/2022;Reclamação;Cobrança;Cobrança indevida;Respondida;SCM;CLARO S.A.;Grande;Claro;BA
16/03/2022;Reclamação;Cobrança;Cobrança indevida;Respondida;SCM;CLARO S.A.;Grande;Claro;SP
21/05/2022;Reclamação;Velocidade;Velocidade abaixo do contratado;Respondida;SCM;CLARO S.A.;Grande;Claro;RJ
17/02/2023;Reclamação;Velocidade;Velocidade abaixo do contratado;Respondida;SCM;EMBRATEL S.A.;Grande;Claro;DF
10/03/2023;Reclamação;Velocidade;Velocidade abaixo do contratado;Respondida;SCM;CLARO S/A;Grande;Claro;TO
18/04/2023;Reclamação;Cobrança;Cobrança indevida;Em Andamento;SCM;OI S.A.;Grande;Oi;RS
11/12/2023;Reclamação;Cobrança;Cobrança indevida;Não Respondida;SCM;TELEFONICA BRASIL S.A.;Grande;Vivo;PE
31/03/2022;Reclamação;Cobrança;Cobrança indevida;Respondida;SCM;CLARO S.A.;Grande;Claro;RS
06/05/2023;Reclamação;Contrato;Cancelamento não realizado;Não Respondida;SCM;CLARO S.A.;Grande;Claro;SP
04/06/2022;Reclamação;Outros;Outros;Não Respondida;SCM;OI S.A.;Grande;Oi;RJ
14/04/2022;Reclamação;Instalação;Prazo de instalação excedido;Respondida;SCM;NET SERVIÇOS DE COMUNICAÇÃO S.A.;Grande;Claro;SP
05/10/2023;Reclamação;Falha;Falha/Interrupção do serviço;Em Andamento;SCM;CLARO S.A.;Grande;Claro;PI
04/12/2023;Reclamação;Velocidade;Velocidade abaixo do contratado;Respondida;SCM;CLARO S.A.;Grande;Claro;BA
15/03/2022;Reclamação;Falha;Falha/Interrupção do serviço;Não Respondida;SCM;CLARO S/A;Grande;Claro;PE
20/06/2023;Reclamação;Outros;Outros;Respondida;SCM;EMBRATEL S.A.;Grande;Claro;RS
26/08/2023;Reclamação;Atendimento;Atendimento inadequado;Não Respondida;SCM;TELEFONICA BRASIL S.A.;Grande;-;MA
14/12/2023;Reclamação;Atendimento;Atendimento inadequado;Respondida;SCM;OI S.A.;Grande;Oi;RN
02/03/2022;Reclamação;Velocidade;Velocidade abaixo do contratado;Em Andamento;SCM;CLARO S.A.;Grande;Claro;BA
01/09/2022;Reclamação;Cobrança;Cobrança indevida;Não Respondida;SCM;EMBRATEL S.A.;Grande;Claro;PE
20/10/2023;Reclamação;Velocidade;Velocidade abaixo do contratado;Em Andamento;SCM;TELEFONICA BRASIL S.A.;Grande;Vivo;MG
27/12/2022;Reclamação;Atendimento;Atendimento inadequado;Respondida;SCM;SERCOMTEL S.A.;Pequeno;Sercomtel;RJ
31/08/2022;Reclamação;Velocidade;Velocidade abaixo do contratado;Respondida;SCM;EMBRATEL S.A.;Grande;Claro;SP
07/07/2023;Reclamação;Velocidade;Velocidade abaixo do contratado;Em Andamento;SCM;OI S.A.;Grande;Oi;MA
20/02/2022;Reclamação;Outros;Outros;Respondida;SCM;CLARO S.A.;Grande;Claro;SE
16/06/2022;Reclamação;Cobrança;Cobrança indevida;Em Andamento;SCM;TELEFONICA BRASIL S.A.;Grande;Vivo;RO
08/11/2022;Reclamação;Cobrança;Cobrança indevida;Em Andamento;SCM;CLARO S.A.;Grande;Claro;PE
24/09/2023;Reclamação;Atendimento;Atendimento inadequado;Não Respondida;SCM;TELEFONICA BRASIL S.A.;Grande;Vivo;PR
02/01/2022;Reclamação;Velocidade;Velocidade abaixo do contratado;Respondida;SCM;TELEFONICA BRASIL S.A.;Grande;Vivo;BA
01/01/2023;Reclamação;Falha;Falha/Interrupção do serviço;Não Respondida;SCM;TIM CELULAR;Grande;TIM Group;SC
02/01/2022;Reclamação;Velocidade;Velocidade abaixo do contratado;Não Respondida;SCM;TELEFONICA BRASIL S.A.;Grande;Vivo;PR
10/01/2022;Reclamação;Velocidade;NÃO INFORMADO;Respondida;SCM;CLARO S.A.;Grande;Claro;MG
04/02/2022;Reclamação;Velocidade;Velocidade abaixo do contratado;Respondida;SCM;CLARO S.A.;Grande;Claro;SP
30/08/2023;Reclamação;Velocidade;-;Em Andamento;SCM;OI S.A.;Grande;Oi;RJ
14/09/2023;Reclamação;Cobrança;Cobrança indevida;Não Respondida;SCM;TIM CELULAR;Grande;TIM Group;RN
05/05/2023;Reclamação;Velocidade;Velocidade abaixo do contratado;Respondida;SCM; ;Grande;Vivo;RJ
13/07/2023;Reclamação;Velocidade;Velocidade abaixo do contratado;Em Andamento;SCM;TELEFONICA BRASIL S.A.;Grande;Vivo;PE
04/04/2022;Reclamação;Velocidade;Velocidade abaixo do contratado;Respondida;SCM;TELEFONICA BRASIL S.A.;Grande;Vivo;MG
21/11/2023;Reclamação;Falha;Falha/Interrupção do serviço;Respondida;SCM;CLARO S.A.;Grande;Claro;AL
06/07/2022;Reclamação;Falha;Falha/Interrupção do serviço;Em Andamento;SCM;TIM CELULAR;Grande;TIM Group;RJ
19/01/2022;Reclamação;Atendimento;Atendimento inadequado;Não Respondida;SCM;OI S.A.;Grande;Oi;SP
03/06/2023;Reclamação;Velocidade;Velocidade abaixo do contratado;Respondida;SCM;OI S.A.;Grande;Oi;RS
27/09/2022;Reclamação;Velocidade;Velocidade abaixo do contratado;Não Respondida;SCM;CLARO S.A.;Grande;Claro;SP
04/09/2023;Reclamação;Falha;Falha/Interrupção do serviço;Não Respondida;SCM;TIM CELULAR;Grande;TIM Group;PA
04/03/2022;Reclamação;Cobrança;Cobrança indevida;Respondida;SCM;TIM CELULAR;Grande;TIM Group;BA
24/05/2023;Reclamação;Cobrança;Cobrança indevida;Respondida;SCM;CLARO S.A.;Grande;Claro;BA
05/12/2023;Reclamação;Velocidade;Velocidade abaixo do contratado;Respondida;SCM;CLARO S.A.;Grande;Claro;RS
30/09/2022;Reclamação;Falha;Falha/Interrupção do serviço;Respondida;SCM;CLARO S.A.;Grande;Claro;SP
01/04/2023;Reclamação;Velocidade;Velocidade abaixo do contratado;Respondida;SCM;TELEFONICA BRASIL S.A.;Grande;Vivo;RJ
12/10/2022;Reclamação;Contrato;Cancelamento não realizado;Respondida;SCM;TIM CELULAR;Grande;TIM Group;SP
10/03/2022;Reclamação;Atendimento;Atendimento inadequado;Respondida;SCM;CLARO S.A.;Grande;Claro;PE
11/04/2023;Reclamação;Atendimento;Atendimento inadequado;Respondida;SCM;TIM CELULAR;Grande;TIM Group;PB
13/01/2023;Reclamação;Velocidade;Velocidade abaixo do contratado;Respondida;SCM;CLARO S.A.;Grande;Claro;PE
10/12/2023;Reclamação;Contrato;Cancelamento não realizado;Respondida;SCM;TIM CELULAR;Grande;TIM Group;SE
30/11/2022;Reclamação;Velocidade;Velocidade abaixo do contratado;Não Respondida;SCM;CLARO S.A.;Grande;Claro;CE
25/04/2023;Reclamação;Atendimento;Atendimento inadequado;Respondida;SCM;OI S.A.;Grande;Oi;BA
24/05/2022;Reclamação;Contrato;Cancelamento não realizado;Não Respondida;SCM;CLARO S.A.;Grande;Claro;PE
01/04/2023;Reclamação;Falha;Falha/Interrupção do serviço;Respondida;SCM;TELEFONICA BRASIL S.A.;Grande;Vivo;CE
30/10/2022;Reclamação;Outros;Outros;Respondida;SCM;TIM CELULAR;Grande;TIM Group;SP
28/09/2023;Reclamação;Velocidade;Velocidade abaixo do contratado;Não Respondida;SCM;EMBRATEL S.A.;Grande;Claro;PR
04/10/2023;Reclamação;Cobrança;Cobrança indevida;Respondida;SCM;OI S.A.;Grande;Oi;SC
13/01/2023;Reclamação;Atendimento;Atendimento inadequado;Respondida;SCM;TELEFONICA BRASIL S.A.;Grande;Vivo;SP
30/06/2023;Reclamação;Falha;Falha/Interrupção do serviço;Respondida;SCM;CLARO S.A.;Grande;Claro;RS
23/07/2022;Reclamação;Velocidade;Velocidade abaixo do contratado;Respondida;SCM;CLARO S.A.;Grande;Claro;RS
21/11/2022;Reclamação;Falha;Falha/Interrupção do serviço;Respondida;SCM;TELEFONICA BRASIL S.A.;Grande;Vivo;MG
23/03/2022;Reclamação;Velocidade;Velocidade abaixo do contratado;Não Respondida;SCM;TELEFONICA BRASIL S.A.;Grande;Vivo;PE
03/05/2023;Reclamação;Falha;Falha/Interrupção do serviço;Respondida;SCM;TELEFONICA BRASIL S.A.;Grande;Vivo;ES
05/04/2022;Reclamação;Cobrança;Cobrança indevida;Respondida;SCM;TIM CELULAR;Grande;TIM Group;PR
30/08/2022;Reclamação;Velocidade;Velocidade abaixo do contratado;Não Respondida;SCM;EMBRATEL S.A.;Grande;Claro;RJ
18/06/2023;Reclamação;Velocidade;Velocidade abaixo do contratado;Em Andamento;SCM;EMBRATEL S.A.;Grande;Claro;RS
13/08/2023;Reclamação;Atendimento;Atendimento inadequado;Respondida;SCM;CLARO S.A.;Grande;Claro;MG
23/04/2022;Reclamação;Velocidade;N/A;Não Respondida;SCM;TIM CELULAR;Grande;TIM Group;ES
20/08/2022;Reclamação;Velocidade;Velocidade abaixo do contratado;Respondida;SCM;TIM CELULAR;Grande;TIM Group;PB
15/04/2023;Reclamação;Falha;Falha/Interrupção do serviço;Respondida;SCM;TIM CELULAR;Grande;TIM Group;MT
04/10/2022;Reclamação;Cobrança;Cobrança indevida;Não Respondida;SCM;TELEFONICA BRASIL S.A.;Grande;Vivo;MA
04/02/2023;Reclamação;Cobrança;Cobrança indevida;Respondida;SCM;NET SERVIÇOS DE COMUNICAÇÃO S.A.;Grande;Claro;PA
27/01/2023;Reclamação;Cobrança;Cobrança indevida;Respondida;SCM;TIM CELULAR;Grande;TIM Group;RJ
24/04/2022;Reclamação;Falha;Falha/Interrupção do serviço;Respondida;SCM;SERCOMTEL S.A.;Pequeno;Sercomtel;SP
31/05/2023;Reclamação;Cobrança;Cobrança indevida;Não Respondida;SCM;CLARO S.A.;Grande;Claro;SC
22/08/2022;Reclamação;Velocidade;Velocidade abaixo do contratado;Respondida;SCM;TIM CELULAR;Grande;TIM Group;GO
13/11/2023;Reclamação;Falha;Falha/Interrupção do serviço;Em Andamento;SCM;CLARO S/A;Grande;Claro;SP
22/11/2023;Reclamação;Velocidade;Velocidade abaixo do contratado;Respondida;SCM;CLARO S.A.;Grande;Claro;SP
11/09/2022;Reclamação;Contrato;Cancelamento não realizado;Respondida;SCM;TIM CELULAR;Grande;TIM Group;MG
28/06/2023;Reclamação;Cobrança;Cobrança indevida;Respondida;SCM;TELEFONICA BRASIL S.A.;Grande;Vivo;SP
11/05/2023;Reclamação;Atendimento;Atendimento inadequado;Respondida;SCM;CLARO S.A.;Grande;Claro;PA
26/07/2023;Reclamação;Velocidade;Velocidade abaixo do contratado;Respondida;SCM;CLARO S.A.;Grande;Claro;RJ
10/04/2023;Reclamação;Cobrança;Cobrança indevida;Respondida;SCM;EMBRATEL S.A.;Grande;Claro;BA
23/12/2022;Reclamação;Falha;Falha/Interrupção do serviço;Não Respondida;SCM;TELEFONICA BRASIL S.A.;Grande;Vivo;RR
26/10/2023;Reclamação;Velocidade;Velocidade abaixo do contratado;Em Andamento;SCM;CLARO S.A.;Grande; ;PE
21/10/2023;Reclamação;Falha;Falha/Interrupção do serviço;Não Respondida;SCM;CLARO S/A;Grande;Claro;BA
15/12/2022;Reclamação;Cobrança;Cobrança indevida;Não Respondida;SCM;EMBRATEL S.A.;Grande;Claro;SP
04/05/2022;Reclamação;Cobrança;Cobrança indevida;Em Andamento;SCM;CLARO S.A.;Grande;N/A;SP
17/01/2023;Reclamação;Velocidade;Velocidade abaixo do contratado;Respondida;SCM;Tim Celular;Grande;TIM Group;SP
15/11/2022;Reclamação;Velocidade;Velocidade abaixo do contratado;Não Respondida;SCM;EMBRATEL S.A.;Grande;Claro;SP
02/03/2023;Reclamação;Falha;Falha/Interrupção do serviço;Respondida;SCM;CLARO S.A.;Grande;Claro;RS
13/05/2023;Reclamação;Cobrança;Cobrança indevida;Respondida;SCM;CLARO S.A.;N/A;Claro;MT
05/03/2022;Reclamação;Cobrança;Cobrança indevida;Respondida;SCM;OI S.A.;Grande;Oi;SP
17/07/2022;Reclamação;Velocidade;Velocidade abaixo do contratado;Respondida;SCM;TIM CELULAR;Grande;TIM Group;PA
01/02/2023;Reclamação;Velocidade;Velocidade abaixo do contratado;Em Andamento;SCM;TELEFONICA BRASIL S.A.;Grande;Vivo;SC
14/03/2023;Reclamação;Contrato;Cancelamento não realizado;Respondida;SCM;OI S.A.;Grande;Oi;SP
13/06/2023;Reclamação;Velocidade;Velocidade abaixo do contratado;Respondida;SCM;EMBRATEL S.A.;Grande;Claro;SP
05/06/2022;Reclamação;Outros;Outros;Não Respondida;SCM;OI S.A.;Grande;Oi;SP
02/10/2022;Reclamação;Falha;Falha/Interrupção do serviço;Respondida;SCM;CLARO S.A.;Grande;-;RN
26/06/2023;Reclamação;Atendimento;Atendimento inadequado;Respondida;SCM;CLARO S.A.;Grande;Claro;RN
11/04/2023;Reclamação; ;Falha/Interrupção do serviço;Respondida;SCM;CLARO S.A.;Grande;Claro;RJ
28/11/2023;Reclamação;Outros;Outros;Respondida;SCM;EMBRATEL S.A.;Grande;Claro;BA
31/03/2023;Reclamação;Falha;Falha/Interrupção do serviço;Não Respondida;SCM;TELEFONICA BRASIL S.A.;Grande;Vivo;BA
13/06/2023;Reclamação;Falha;Falha/Interrupção do serviço;Respondida;SCM;TIM CELULAR;Grande;TIM Group;PR
03/02/2022;Reclamação;Velocidade;Velocidade abaixo do contratado;Respondida;SCM;CLARO S.A.;Grande;Claro;PI
05/08/2022;Reclamação;Velocidade;Velocidade abaixo do contratado;Respondida;SCM;NET SERVIÇOS DE COMUNICAÇÃO S.A.;Grande;Claro;RR
20/12/2022;Reclamação;Falha;Falha/Interrupção do serviço;Respondida;SCM;EMBRATEL S.A.;Grande;Claro;RJ
20/10/2022;Reclamação;Velocidade;Velocidade abaixo do contratado;Respondida;SCM;TELEFONICA BRASIL S.A.;Grande;Vivo;SP
06/03/2022;Reclamação;Cobrança;Cobrança indevida;Respondida;SCM;TELEFONICA BRASIL S.A.;Grande;Vivo;PR
27/07/2023;Reclamação;Cobrança;Cobrança indevida;Não Respondida;SCM;CLARO S.A.;Grande;Claro;RJ
26/06/2022;Reclamação;Cobrança;Cobrança indevida;Respondida;SCM;TIM CELULAR;Grande;TIM Group;CE
17/07/2022;Reclamação;Velocidade;Velocidade abaixo do contratado;Respondida;SCM;Claro S.A.;Grande;Claro;PE
12/04/2022;Reclamação;Cobrança;Cobrança indevida;Respondida;SCM;CLARO S.A.;Grande;Claro;RS
01/03/2023;Reclamação;Atendimento; ;Não Respondida;SCM;OI S.A.;Grande;Oi;RJ
19/11/2022;Reclamação;N/A;Falha/Interrupção do serviço;Respondida;SCM;EMBRATEL S.A.;Grande;Claro;AL
14/03/2022;Reclamação;Contrato;Cancelamento não realizado;Não Respondida;SCM;TIM CELULAR;Grande;TIM Group;RJ
03/04/2022;Reclamação;Velocidade;Velocidade abaixo do contratado;Respondida;SCM;OI S.A.;Grande;Oi;RS
05/05/2023;Reclamação;Cobrança;Cobrança indevida;Não Respondida;SCM;CLARO S.A.;Grande;Claro;SP
03/11/2022;Reclamação;Atendimento;Atendimento inadequado;Respondida;SCM;CLARO S.A.;Grande;Claro;RS
11/04/2023;Reclamação;Instalação;Prazo de instalação excedido;Respondida;SCM;CLARO S.A.;Grande;Claro;PE
17/04/2022;Reclamação;Outros; ;Não Respondida;SCM;EMBRATEL S.A.;Grande;Claro;PB
10/03/2022;Reclamação;Contrato;Cancelamento não realizado;Em Andamento;SCM;OI S.A.;Grande;Oi;RJ
21/08/2022;Reclamação;Velocidade;Velocidade abaixo do contratado;Respondida;SCM;CLARO S.A.;Grande;Claro;RJ
16/12/2022;Reclamação;Velocidade;Velocidade abaixo do contratado;Respondida;SCM;TIM CELULAR;Grande;TIM Group;PB
21/12/2023;Reclamação;Velocidade;Velocidade abaixo do contratado;Respondida;SCM;TELEFONICA BRASIL S.A.;Grande;Vivo;PE
20/06/2023;Reclamação;Contrato;Cancelamento não realizado;Respondida;SCM;NET SERVIÇOS DE COMUNICAÇÃO S.A.;Grande;Claro;AM
08/07/2023;Reclamação;Velocidade;Velocidade abaixo do contratado;Respondida;SCM;OI S.A.;Grande;Oi;ES
17/04/2022;Reclamação;Velocidade;Velocidade abaixo do contratado;Respondida;SCM;SERCOMTEL S.A.;Pequeno;Sercomtel;SP
25/06/2023;Reclamação;Cobrança;NÃO INFORMADO;Respondida;SCM;Telefonica Brasil S.A.;Grande;Vivo;SP
16/08/2023;Reclamação;Velocidade;Velocidade abaixo do contratado;Respondida;SCM;TELEFONICA BRASIL S.A.;Grande;Vivo;RJ
31/12/2022;Reclamação;Falha;Falha/Interrupção do serviço;Respondida;SCM;CLARO S.A.;Grande;Claro;SC
22/08/2023;Reclamação;Velocidade;Velocidade abaixo do contratado;Não Respondida;SCM;CLARO S.A.;Grande;Claro;BA
27/04/2022;Reclamação;Falha;Falha/Interrupção do serviço;Respondida;SCM;OI S.A.;Grande;Oi;SP
08/07/2022;Reclamação;Velocidade;Velocidade abaixo do contratado;Respondida;SCM;TELEFONICA BRASIL S.A.;Grande;Vivo;TO
